rep_id,trial_id,starting_index,landscape_seed,avg_fitness,max_fitness,dom_fitness
001,1,0,,0.9995,1,1
001,2,0,,0.981,1,1
001,3,0,,1,1,1
001,4,0,,0.99,1,1
001,5,0,,0.998,1,1
001,6,0,,1,1,1
001,7,0,,0.98,1,1
001,8,0,,0.99,1,1
001,9,0,,1,1,1
001,10,0,,0.99,1,1
001,11,0,,1,1,1
001,12,0,,0.99,1,1
001,13,0,,0.99,1,1
001,14,0,,1,1,1
001,15,0,,0.9995,1,1
001,16,0,,1,1,1
001,17,0,,1,1,1
001,18,0,,0.999,1,1
001,19,0,,0.998,1,1
001,20,0,,0.9895,1,1
001,21,0,,0.976,1,1
001,22,0,,0.9895,1,1
001,23,0,,0.9995,1,1
001,24,0,,0.988675,1,1
001,25,0,,0.9885,1,1
001,26,0,,1,1,1
001,27,0,,1,1,1
001,28,0,,0.98,1,1
001,29,0,,0.988,1,1
001,30,0,,0.99,1,1
001,31,0,,0.9995,1,1
001,32,0,,0.9995,1,1
001,33,0,,1,1,1
001,34,0,,0.98,1,1
001,35,0,,0.97,1,1
001,36,0,,1,1,1
001,37,0,,0.99,1,1
001,38,0,,1,1,1
001,39,0,,0.98,1,1
001,40,0,,0.994,1,1
001,41,0,,0.99,1,1
001,42,0,,1,1,1
001,43,0,,1,1,1
001,44,0,,0.985,1,1
001,45,0,,0.99,1,1
001,46,0,,0.9875,1,1
001,47,0,,0.986,1,1
001,48,0,,1,1,1
001,49,0,,0.99,1,1
001,50,0,,0.9995,1,1
001,51,0,,0.9995,1,1
001,52,0,,0.99,1,1
001,53,0,,0.99,1,1
001,54,0,,0.99,1,1
001,55,0,,1,1,1
001,56,0,,0.973,1,1
001,57,0,,0.9975,1,1
001,58,0,,0.99,1,1
001,59,0,,0.97,1,1
001,60,0,,0.979,1,1
001,61,0,,0.9865,1,1
001,62,0,,0.995,1,1
001,63,0,,0.9885,1,1
001,64,0,,0.995,1,1
001,65,0,,0.98,1,1
001,66,0,,1,1,1
001,67,0,,0.98,1,1
001,68,0,,1,1,1
001,69,0,,1,1,1
001,70,0,,0.99,1,1
001,71,0,,0.9995,1,1
001,72,0,,0.99,1,1
001,73,0,,0.984,1,1
001,74,0,,1,1,1
001,75,0,,0.999,1,1
001,76,0,,0.9995,1,1
001,77,0,,1,1,1
001,78,0,,0.99,1,1
001,79,0,,0.9845,1,1
001,80,0,,1,1,1
001,81,0,,0.9865,1,1
001,82,0,,1,1,1
001,83,0,,1,1,1
001,84,0,,0.997,1,1
001,85,0,,1,1,1
001,86,0,,0.999,1,1
001,87,0,,0.99,1,1
001,88,0,,1,1,1
001,89,0,,1,1,1
001,90,0,,0.99,1,1
001,91,0,,1,1,1
001,92,0,,1,1,1
001,93,0,,1,1,1
001,94,0,,0.9935,1,1
001,95,0,,0.97,1,1
001,96,0,,0.99,1,1
001,97,0,,
001,98,0,,1,1,1
001,99,0,,
001,100,0,,
002,1,1,,1,1,1
002,2,1,,0.99,1,1
002,3,1,,0.9985,1,1
002,4,1,,0.9795,1,1
002,5,1,,1,1,1
002,6,1,,0.97,1,0.95
002,7,1,,0.997,1,1
002,8,1,,0.9985,1,1
002,9,1,,1,1,1
002,10,1,,1,1,1
002,11,1,,0.994075,1,1
002,12,1,,0.99,1,1
002,13,1,,0.99,1,1
002,14,1,,1,1,1
002,15,1,,0.99,1,1
002,16,1,,1,1,1
002,17,1,,0.99,1,1
002,18,1,,0.987,1,1
002,19,1,,0.9985,1,1
002,20,1,,0.99,1,1
002,21,1,,1,1,1
002,22,1,,0.99,1,1
002,23,1,,0.999,1,1
002,24,1,,0.989,1,1
002,25,1,,1,1,1
002,26,1,,0.9895,1,1
002,27,1,,1,1,1
002,28,1,,1,1,1
002,29,1,,0.98,1,1
002,30,1,,0.98,1,1
002,31,1,,0.9975,1,1
002,32,1,,0.99,1,1
002,33,1,,1,1,1
002,34,1,,0.99025,1,1
002,35,1,,0.99,1,1
002,36,1,,0.99,1,1
002,37,1,,1,1,1
002,38,1,,1,1,1
002,39,1,,0.98,1,1
002,40,1,,0.9895,1,1
002,41,1,,0,0,0
002,42,1,,0.9995,1,1
002,43,1,,0.985,1,1
002,44,1,,1,1,1
002,45,1,,1,1,1
002,46,1,,0.99,1,1
002,47,1,,0.98,1,1
002,48,1,,0.98,1,1
002,49,1,,0.96,1,1
002,50,1,,0.998,1,1
002,51,1,,1,1,1
002,52,1,,1,1,1
002,53,1,,0.989025,1,1
002,54,1,,0.998,1,1
002,55,1,,1,1,1
002,56,1,,0.99,1,1
002,57,1,,0.99,1,1
002,58,1,,0.99,1,1
002,59,1,,0,0,0
002,60,1,,1,1,1
002,61,1,,1,1,1
002,62,1,,0.99,1,1
002,63,1,,1,1,1
002,64,1,,0.9995,1,1
002,65,1,,1,1,1
002,66,1,,0.98,1,1
002,67,1,,0.99,1,1
002,68,1,,1,1,1
002,69,1,,0.999,1,1
002,70,1,,0.98,1,1
002,71,1,,0.99,1,1
002,72,1,,1,1,1
002,73,1,,0.9885,1,1
002,74,1,,1,1,1
002,75,1,,0.98,1,1
002,76,1,,1,1,1
002,77,1,,0.995,1,1
002,78,1,,0.998,1,1
002,79,1,,1,1,1
002,80,1,,1,1,1
002,81,1,,0.999,1,1
002,82,1,,0.993,1,1
002,83,1,,0.992,1,1
002,84,1,,0.99,1,1
002,85,1,,0.99,1,1
002,86,1,,0.989,1,1
002,87,1,,0.99,1,1
002,88,1,,0.9995,1,1
002,89,1,,0.9985,1,1
002,90,1,,1,1,1
002,91,1,,0.998,1,1
002,92,1,,1,1,1
002,93,1,,1,1,1
002,94,1,,0.9975,1,1
002,95,1,,0.99,1,1
002,96,1,,0.9895,1,1
002,97,1,,0.99,1,1
002,98,1,,
002,99,1,,
002,100,1,,
003,1,2,,0.9995,1,1
003,2,2,,1,1,1
003,3,2,,0.976,1,1
003,4,2,,1,1,1
003,5,2,,1,1,1
003,6,2,,0.99,1,1
003,7,2,,0.9895,1,1
003,8,2,,0.969,1,1
003,9,2,,1,1,1
003,10,2,,0.99,1,1
003,11,2,,0.98,1,1
003,12,2,,0.98,1,1
003,13,2,,1,1,1
003,14,2,,1,1,1
003,15,2,,0.999,1,1
003,16,2,,0.9675,1,0.95
003,17,2,,0.99,1,1
003,18,2,,0.98,1,1
003,19,2,,0.9995,1,1
003,20,2,,0.99,1,1
003,21,2,,1,1,1
003,22,2,,0.99,1,1
003,23,2,,0.995,1,1
003,24,2,,0.9965,1,1
003,25,2,,0.9985,1,1
003,26,2,,0.99,1,1
003,27,2,,1,1,1
003,28,2,,0.99,1,1
003,29,2,,0.9975,1,1
003,30,2,,0.98,1,1
003,31,2,,0.989,1,1
003,32,2,,1,1,1
003,33,2,,0.99,1,1
003,34,2,,0.99,1,1
003,35,2,,1,1,1
003,36,2,,0.9875,1,1
003,37,2,,1,1,1
003,38,2,,0.9795,1,1
003,39,2,,0.99,1,1
003,40,2,,0.9985,1,1
003,41,2,,1.4641,1.4641,1.4641
003,42,2,,0.99,1,1
003,43,2,,0.982,1,1
003,44,2,,1,1,1
003,45,2,,0.989,1,1
003,46,2,,0.9885,1,1
003,47,2,,0.9895,1,1
003,48,2,,0.998,1,1
003,49,2,,1,1,1
003,50,2,,0.99,1,1
003,51,2,,0.995,1,1
003,52,2,,0.981725,1,1
003,53,2,,0.9795,1,1
003,54,2,,1,1,1
003,55,2,,0.9985,1,1
003,56,2,,0.98,1,1
003,57,2,,0.99,1,1
003,58,2,,0.99,1,1
003,59,2,,0.99,1,1
003,60,2,,0.99,1,1
003,61,2,,0.9895,1,1
003,62,2,,0.9895,1,1
003,63,2,,0.9965,1,1
003,64,2,,0.99,1,1
003,65,2,,0.99,1,1
003,66,2,,1,1,1
003,67,2,,1,1,1
003,68,2,,0.999,1,1
003,69,2,,1,1,1
003,70,2,,1,1,1
003,71,2,,1,1,1
003,72,2,,0.99,1,1
003,73,2,,1,1,1
003,74,2,,0.9875,1,1
003,75,2,,1,1,1
003,76,2,,0.99,1,1
003,77,2,,0.9995,1,1
003,78,2,,0.9995,1,1
003,79,2,,0.9995,1,1
003,80,2,,1,1,1
003,81,2,,0.9995,1,1
003,82,2,,1,1,1
003,83,2,,0.9995,1,1
003,84,2,,0.99,1,1
003,85,2,,1.4641,1.4641,1.4641
003,86,2,,0.98205,1,1
003,87,2,,0.99,1,1
003,88,2,,0.99,1,1
003,89,2,,0.986,1,1
003,90,2,,0.9875,1,1
003,91,2,,1,1,1
003,92,2,,0.99,1,1
003,93,2,,0.986,1,1
003,94,2,,1.44946,1.4641,1.4641
003,95,2,,0.999,1,1
003,96,2,,
003,97,2,,0.99,1,1
003,98,2,,
003,99,2,,1,1,1
003,100,2,,
004,1,3,,1,1,1
004,2,3,,0,0,0
004,3,3,,0.99,1,1
004,4,3,,0.99,1,1
004,5,3,,1.4641,1.4641,1.4641
004,6,3,,0,0,0
004,7,3,,0,0,0
004,8,3,,0,0,0
004,9,3,,0,0,0
004,10,3,,0.9965,1,1
004,11,3,,0,0,0
004,12,3,,0,0,0
004,13,3,,0,0,0
004,14,3,,0,0,0
004,15,3,,0,0,0
004,16,3,,0.9845,1,1
004,17,3,,0,0,0
004,18,3,,0,0,0
004,19,3,,0,0,0
004,20,3,,1,1,1
004,21,3,,0.98,1,1
004,22,3,,0.9975,1,1
004,23,3,,0.98,1,1
004,24,3,,0.99,1,1
004,25,3,,0,0,0
004,26,3,,1.44946,1.4641,1.4641
004,27,3,,0,0,0
004,28,3,,0.99,1,1
004,29,3,,0.99,1,1
004,30,3,,0,0,0
004,31,3,,0.999,1,1
004,32,3,,0.9695,1,1
004,33,3,,0.9965,1,1
004,34,3,,0.98,1,1
004,35,3,,0,0,0
004,36,3,,1,1,1
004,37,3,,0,0,0
004,38,3,,0.96455,1,0.95
004,39,3,,0.9995,1,1
004,40,3,,1.4641,1.4641,1.4641
004,41,3,,0.9995,1,1
004,42,3,,1,1,1
004,43,3,,0.9605,1,0.95
004,44,3,,1.43482,1.4641,1.4641
004,45,3,,0.98,1,1
004,46,3,,0,0,0
004,47,3,,0.989,1,1
004,48,3,,0.9995,1,1
004,49,3,,0.9655,1,1
004,50,3,,0,0,0
004,51,3,,0,0,0
004,52,3,,0,0,0
004,53,3,,1.44339,1.4641,1.4641
004,54,3,,0.99,1,1
004,55,3,,1,1,1
004,56,3,,0,0,0
004,57,3,,0.9995,1,1
004,58,3,,0.989,1,1
004,59,3,,0,0,0
004,60,3,,1,1,1
004,61,3,,1,1,1
004,62,3,,0,0,0
004,63,3,,0.9725,1,1
004,64,3,,0.9895,1,1
004,65,3,,0,0,0
004,66,3,,1,1,1
004,67,3,,0.9965,1,1
004,68,3,,0,0,0
004,69,3,,1,1,1
004,70,3,,0,0,0
004,71,3,,0,0,0
004,72,3,,0,0,0
004,73,3,,0.99,1,1
004,74,3,,0.99,1,1
004,75,3,,1.44946,1.4641,1.4641
004,76,3,,0,0,0
004,77,3,,0.98,1,1
004,78,3,,0.98,1,1
004,79,3,,0.98,1,1
004,80,3,,0.99,1,1
004,81,3,,0,0,0
004,82,3,,0.9795,1,1
004,83,3,,0,0,0
004,84,3,,1.44946,1.4641,1.4641
004,85,3,,0,0,0
004,86,3,,0.9985,1,1
004,87,3,,1,1,1
004,88,3,,0,0,0
004,89,3,,1,1,1
004,90,3,,0.983,1,1
004,91,3,,0.99,1,1
004,92,3,,0.9885,1,1
004,93,3,,0,0,0
004,94,3,,0.963525,1,1
004,95,3,,0.999,1,1
004,96,3,,0.895375,0.95,0.9025
004,97,3,,
004,98,3,,
004,99,3,,0.99,1,1
004,100,3,,0.9985,1,1
005,1,4,,1,1,1
005,2,4,,1,1,1
005,3,4,,1,1,1
005,4,4,,0.996,1,1
005,5,4,,1,1,1
005,6,4,,0.98,1,1
005,7,4,,0.9885,1,1
005,8,4,,1,1,1
005,9,4,,0.99,1,1
005,10,4,,0.9755,1,1
005,11,4,,0.97,1,1
005,12,4,,1,1,1
005,13,4,,1,1,1
005,14,4,,0.99,1,1
005,15,4,,0.99,1,1
005,16,4,,0.9745,1,1
005,17,4,,1,1,1
005,18,4,,0.99,1,1
005,19,4,,0.9985,1,1
005,20,4,,1,1,1
005,21,4,,0.98,1,1
005,22,4,,1,1,1
005,23,4,,0.99,1,1
005,24,4,,1,1,1
005,25,4,,1,1,1
005,26,4,,0.9885,1,1
005,27,4,,1,1,1
005,28,4,,0.98,1,1
005,29,4,,0.987,1,1
005,30,4,,0.9895,1,1
005,31,4,,0.99,1,1
005,32,4,,1,1,1
005,33,4,,1,1,1
005,34,4,,1,1,1
005,35,4,,1,1,1
005,36,4,,0.98,1,1
005,37,4,,0.9895,1,1
005,38,4,,0.99,1,1
005,39,4,,1,1,1
005,40,4,,0.9815,1,1
005,41,4,,0,0,0
005,42,4,,1,1,1
005,43,4,,0.99,1,1
005,44,4,,0.9995,1,1
005,45,4,,0.99,1,1
005,46,4,,0.9995,1,1
005,47,4,,1,1,1
005,48,4,,0.99,1,1
005,49,4,,0.99,1,1
005,50,4,,1,1,1
005,51,4,,0.992,1,1
005,52,4,,0.99,1,1
005,53,4,,0.98,1,1
005,54,4,,1,1,1
005,55,4,,1,1,1
005,56,4,,0.999,1,1
005,57,4,,0.993025,1,1
005,58,4,,0.994,1,1
005,59,4,,0.99,1,1
005,60,4,,1,1,1
005,61,4,,0.9995,1,1
005,62,4,,0.99,1,1
005,63,4,,1,1,1
005,64,4,,0.97,1,1
005,65,4,,0.9644,1,1
005,66,4,,1,1,1
005,67,4,,0.9895,1,1
005,68,4,,1,1,1
005,69,4,,0.978,1,1
005,70,4,,0.9895,1,1
005,71,4,,0.99,1,1
005,72,4,,0.99,1,1
005,73,4,,1,1,1
005,74,4,,1,1,1
005,75,4,,0.9975,1,1
005,76,4,,0.9985,1,1
005,77,4,,1,1,1
005,78,4,,0.98,1,1
005,79,4,,0.9995,1,1
005,80,4,,0.99,1,1
005,81,4,,0.987,1,1
005,82,4,,0.9875,1,1
005,83,4,,0.99,1,1
005,84,4,,0.99,1,1
005,85,4,,0.989,1,1
005,86,4,,0.9915,1,1
005,87,4,,1,1,1
005,88,4,,0.9985,1,1
005,89,4,,1,1,1
005,90,4,,1.4641,1.4641,1.4641
005,91,4,,1,1,1
005,92,4,,0.996,1,1
005,93,4,,
005,94,4,,0.979,1,1
005,95,4,,
005,96,4,,
005,97,4,,0.9895,1,1
005,98,4,,
005,99,4,,
005,100,4,,
006,1,5,,0,0,0
006,2,5,,1.4641,1.4641,1.4641
006,3,5,,0,0,0
006,4,5,,1,1,1
006,5,5,,0.99,1,1
006,6,5,,0.99,1,1
006,7,5,,0.996,1,1
006,8,5,,0,0,0
006,9,5,,0,0,0
006,10,5,,0.9975,1,1
006,11,5,,1.4641,1.4641,1.4641
006,12,5,,1,1,1
006,13,5,,0,0,0
006,14,5,,0.99005,1,1
006,15,5,,0.979,1,1
006,16,5,,1,1,1
006,17,5,,0.9895,1,1
006,18,5,,1,1,1
006,19,5,,1,1,1
006,20,5,,1,1,1
006,21,5,,0,0,0
006,22,5,,0,0,0
006,23,5,,0,0,0
006,24,5,,0.9875,1,1
006,25,5,,1,1,1
006,26,5,,1,1,1
006,27,5,,0.99,1,1
006,28,5,,0,0,0
006,29,5,,0.9985,1,1
006,30,5,,0,0,0
006,31,5,,1,1,1
006,32,5,,0,0,0
006,33,5,,0.902524,0.95,0.9025
006,34,5,,1.44339,1.4641,1.4641
006,35,5,,1,1,1
006,36,5,,0,0,0
006,37,5,,1.44946,1.4641,1.4641
006,38,5,,0.9895,1,1
006,39,5,,0,0,0
006,40,5,,1,1,1
006,41,5,,1,1,1
006,42,5,,0,0,0
006,43,5,,0.97,1,1
006,44,5,,0,0,0
006,45,5,,0.989,1,1
006,46,5,,0,0,0
006,47,5,,0.95,0.95,0.95
006,48,5,,1.44946,1.4641,1.4641
006,49,5,,0,0,0
006,50,5,,0.99,1,1
006,51,5,,1.42875,1.4641,1.4641
006,52,5,,1,1,1
006,53,5,,0,0,0
006,54,5,,0,0,0
006,55,5,,1,1,1
006,56,5,,1,1,1
006,57,5,,0.9895,1,1
006,58,5,,0.9995,1,1
006,59,5,,1.4641,1.4641,1.4641
006,60,5,,0,0,0
006,61,5,,0.99,1,1
006,62,5,,0.99,1,1
006,63,5,,1.43482,1.4641,1.4641
006,64,5,,1,1,1
006,65,5,,1,1,1
006,66,5,,0.954525,1,0.95
006,67,5,,0,0,0
006,68,5,,0.99,1,1
006,69,5,,0.989,1,1
006,70,5,,1,1,1
006,71,5,,0,0,0
006,72,5,,0.98,1,1
006,73,5,,1.44946,1.4641,1.4641
006,74,5,,0.98,1,1
006,75,5,,0.9515,1,0.95
006,76,5,,0.9995,1,1
006,77,5,,1.45803,1.4641,1.4641
006,78,5,,0.984,1,1
006,79,5,,0,0,0
006,80,5,,0.9386,0.95,0.95
006,81,5,,1,1,1
006,82,5,,1,1,1
006,83,5,,1.44946,1.4641,1.4641
006,84,5,,1,1,1
006,85,5,,0.99,1,1
006,86,5,,0.9975,1,1
006,87,5,,0.9885,1,1
006,88,5,,0,0,0
006,89,5,,1,1,1
006,90,5,,1.43482,1.4641,1.4641
006,91,5,,0,0,0
006,92,5,,0.99,1,1
006,93,5,,0,0,0
006,94,5,,0,0,0
006,95,5,,0.993,1,1
006,96,5,,1.4641,1.4641,1.4641
006,97,5,,0.963,1,1
006,98,5,,
006,99,5,,
006,100,5,,
007,1,6,,1.45803,1.4641,1.4641
007,2,6,,1,1,1
007,3,6,,0,0,0
007,4,6,,1,1,1
007,5,6,,1,1,1
007,6,6,,1.4641,1.4641,1.4641
007,7,6,,0.998,1,1
007,8,6,,0,0,0
007,9,6,,0.999,1,1
007,10,6,,0,0,0
007,11,6,,0.98,1,1
007,12,6,,0,0,0
007,13,6,,1,1,1
007,14,6,,0,0,0
007,15,6,,1,1,1
007,16,6,,0.99,1,1
007,17,6,,1,1,1
007,18,6,,1,1,1
007,19,6,,1.43482,1.4641,1.4641
007,20,6,,0.99,1,1
007,21,6,,0,0,0
007,22,6,,0.9985,1,1
007,23,6,,1,1,1
007,24,6,,0.99,1,1
007,25,6,,0,0,0
007,26,6,,1,1,1
007,27,6,,0.99,1,1
007,28,6,,0,0,0
007,29,6,,1,1,1
007,30,6,,0,0,0
007,31,6,,0,0,0
007,32,6,,1.44946,1.4641,1.4641
007,33,6,,0.9995,1,1
007,34,6,,1.4641,1.4641,1.4641
007,35,6,,1,1,1
007,36,6,,0.9915,1,1
007,37,6,,0,0,0
007,38,6,,1.44339,1.4641,1.4641
007,39,6,,0.9995,1,1
007,40,6,,0,0,0
007,41,6,,0.9995,1,1
007,42,6,,0,0,0
007,43,6,,1,1,1
007,44,6,,1.44946,1.4641,1.4641
007,45,6,,0,0,0
007,46,6,,0,0,0
007,47,6,,1,1,1
007,48,6,,1.4641,1.4641,1.4641
007,49,6,,1.43482,1.4641,1.4641
007,50,6,,1.4641,1.4641,1.4641
007,51,6,,0.99,1,1
007,52,6,,0.9995,1,1
007,53,6,,1.45803,1.4641,1.4641
007,54,6,,0.9995,1,1
007,55,6,,1,1,1
007,56,6,,0.998,1,1
007,57,6,,0.9935,1,1
007,58,6,,0.951,1,0.95
007,59,6,,0,0,0
007,60,6,,1,1,1
007,61,6,,1,1,1
007,62,6,,1.44946,1.4641,1.4641
007,63,6,,0,0,0
007,64,6,,0.999,1,1
007,65,6,,0,0,0
007,66,6,,0.893024,0.9025,0.9025
007,67,6,,1.4641,1.4641,1.4641
007,68,6,,0.9845,1,1
007,69,6,,1,1,1
007,70,6,,1.4641,1.4641,1.4641
007,71,6,,0.9835,1,1
007,72,6,,0.9785,1,1
007,73,6,,0.9873,1,1
007,74,6,,1,1,1
007,75,6,,1.4641,1.4641,1.4641
007,76,6,,1,1,1
007,77,6,,1,1,1
007,78,6,,0.996,1,1
007,79,6,,0,0,0
007,80,6,,1,1,1
007,81,6,,0.995,1,1
007,82,6,,1,1,1
007,83,6,,0.999,1,1
007,84,6,,0.9975,1,1
007,85,6,,1.4641,1.4641,1.4641
007,86,6,,1.4641,1.4641,1.4641
007,87,6,,1.44946,1.4641,1.4641
007,88,6,,0.99,1,1
007,89,6,,1,1,1
007,90,6,,0.99,1,1
007,91,6,,1.4641,1.4641,1.4641
007,92,6,,0,0,0
007,93,6,,0,0,0
007,94,6,,0.99,1,1
007,95,6,,0,0,0
007,96,6,,0.9895,1,1
007,97,6,,0.903407,1.4641,0.857375
007,98,6,,
007,99,6,,1.44946,1.4641,1.4641
007,100,6,,
008,1,7,,0,0,0
008,2,7,,0,0,0
008,3,7,,0.9635,1,0.95
008,4,7,,0.997,1,1
008,5,7,,1,1,1
008,6,7,,0,0,0
008,7,7,,1.4641,1.4641,1.4641
008,8,7,,0,0,0
008,9,7,,0.998,1,1
008,10,7,,1,1,1
008,11,7,,1.45803,1.4641,1.4641
008,12,7,,1,1,1
008,13,7,,0.998,1,1
008,14,7,,0,0,0
008,15,7,,0,0,0
008,16,7,,0.9995,1,1
008,17,7,,0.99,1,1
008,18,7,,0,0,0
008,19,7,,1,1,1
008,20,7,,0,0,0
008,21,7,,0.9895,1,1
008,22,7,,0.9995,1,1
008,23,7,,0,0,0
008,24,7,,1.43482,1.4641,1.4641
008,25,7,,0.998,1,1
008,26,7,,1.44946,1.4641,1.4641
008,27,7,,0,0,0
008,28,7,,1.44946,1.4641,1.4641
008,29,7,,0,0,0
008,30,7,,0.99,1,1
008,31,7,,0.99,1,1
008,32,7,,0,0,0
008,33,7,,1.43482,1.4641,1.4641
008,34,7,,0.9975,1,1
008,35,7,,1,1,1
008,36,7,,0,0,0
008,37,7,,1,1,1
008,38,7,,0,0,0
008,39,7,,0,0,0
008,40,7,,0,0,0
008,41,7,,0,0,0
008,42,7,,0.9995,1,1
008,43,7,,0.996,1,1
008,44,7,,0,0,0
008,45,7,,0.99,1,1
008,46,7,,1.4641,1.4641,1.4641
008,47,7,,0.9895,1,1
008,48,7,,1.4641,1.4641,1.4641
008,49,7,,1,1,1
008,50,7,,1,1,1
008,51,7,,1.43482,1.4641,1.4641
008,52,7,,0,0,0
008,53,7,,1.4641,1.4641,1.4641
008,54,7,,1,1,1
008,55,7,,0.9995,1,1
008,56,7,,0,0,0
008,57,7,,0.9765,1,1
008,58,7,,0.99,1,1
008,59,7,,0,0,0
008,60,7,,0,0,0
008,61,7,,0,0,0
008,62,7,,0,0,0
008,63,7,,0,0,0
008,64,7,,0,0,0
008,65,7,,0,0,0
008,66,7,,1,1,1
008,67,7,,0,0,0
008,68,7,,0,0,0
008,69,7,,1,1,1
008,70,7,,0.9965,1,1
008,71,7,,0,0,0
008,72,7,,0.9785,1,1
008,73,7,,1.4641,1.4641,1.4641
008,74,7,,0.99,1,1
008,75,7,,0.9995,1,1
008,76,7,,0.9895,1,1
008,77,7,,0.9985,1,1
008,78,7,,0,0,0
008,79,7,,0,0,0
008,80,7,,1,1,1
008,81,7,,1,1,1
008,82,7,,1,1,1
008,83,7,,0,0,0
008,84,7,,0.9795,1,1
008,85,7,,0,0,0
008,86,7,,0.99,1,1
008,87,7,,0.999,1,1
008,88,7,,0.99,1,1
008,89,7,,0.9965,1,1
008,90,7,,0.9025,0.9025,0.9025
008,91,7,,1.4641,1.4641,1.4641
008,92,7,,1.44946,1.4641,1.4641
008,93,7,,0,0,0
008,94,7,,0.9975,1,1
008,95,7,,1,1,1
008,96,7,,1,1,1
008,97,7,,1,1,1
008,98,7,,0.9995,1,1
008,99,7,,
008,100,7,,
009,1,8,,0.99,1,1
009,2,8,,
009,3,8,,
009,4,8,,
009,5,8,,
009,6,8,,
009,7,8,,
009,8,8,,
009,9,8,,
009,10,8,,
009,11,8,,
009,12,8,,
009,13,8,,
009,14,8,,
009,15,8,,
009,16,8,,
009,17,8,,
009,18,8,,
009,19,8,,
009,20,8,,
009,21,8,,
009,22,8,,
009,23,8,,
009,24,8,,
009,25,8,,
009,26,8,,
009,27,8,,
009,28,8,,
009,29,8,,
009,30,8,,
009,31,8,,
009,32,8,,
009,33,8,,
009,34,8,,
009,35,8,,
009,36,8,,
009,37,8,,
009,38,8,,
009,39,8,,
009,40,8,,
009,41,8,,
009,42,8,,
009,43,8,,
009,44,8,,
009,45,8,,
009,46,8,,
009,47,8,,
009,48,8,,
009,49,8,,
009,50,8,,
009,51,8,,
009,52,8,,
009,53,8,,
009,54,8,,
009,55,8,,
009,56,8,,
009,57,8,,
009,58,8,,
009,59,8,,
009,60,8,,
009,61,8,,
009,62,8,,
009,63,8,,
009,64,8,,
009,65,8,,
009,66,8,,
009,67,8,,
009,68,8,,
009,69,8,,
009,70,8,,
009,71,8,,
009,72,8,,
009,73,8,,
009,74,8,,
009,75,8,,
009,76,8,,
009,77,8,,
009,78,8,,
009,79,8,,
009,80,8,,
009,81,8,,
009,82,8,,
009,83,8,,
009,84,8,,
009,85,8,,
009,86,8,,
009,87,8,,
009,88,8,,
009,89,8,,
009,90,8,,
009,91,8,,
009,92,8,,
009,93,8,,
009,94,8,,
009,95,8,,
009,96,8,,
009,97,8,,
009,98,8,,
009,99,8,,
009,100,8,,
010,1,9,,1,1,1
010,2,9,,
010,3,9,,
010,4,9,,0.994,1,1
010,5,9,,
010,6,9,,
010,7,9,,
010,8,9,,
010,9,9,,
010,10,9,,
010,11,9,,
010,12,9,,
010,13,9,,
010,14,9,,
010,15,9,,
010,16,9,,
010,17,9,,
010,18,9,,
010,19,9,,
010,20,9,,
010,21,9,,
010,22,9,,
010,23,9,,
010,24,9,,
010,25,9,,
010,26,9,,
010,27,9,,
010,28,9,,
010,29,9,,
010,30,9,,
010,31,9,,
010,32,9,,
010,33,9,,
010,34,9,,
010,35,9,,
010,36,9,,
010,37,9,,
010,38,9,,
010,39,9,,
010,40,9,,
010,41,9,,
010,42,9,,
010,43,9,,
010,44,9,,
010,45,9,,
010,46,9,,
010,47,9,,
010,48,9,,
010,49,9,,
010,50,9,,
010,51,9,,
010,52,9,,
010,53,9,,
010,54,9,,
010,55,9,,
010,56,9,,
010,57,9,,
010,58,9,,
010,59,9,,
010,60,9,,
010,61,9,,
010,62,9,,
010,63,9,,
010,64,9,,
010,65,9,,
010,66,9,,
010,67,9,,
010,68,9,,
010,69,9,,
010,70,9,,
010,71,9,,
010,72,9,,
010,73,9,,
010,74,9,,
010,75,9,,
010,76,9,,
010,77,9,,
010,78,9,,
010,79,9,,
010,80,9,,
010,81,9,,
010,82,9,,
010,83,9,,
010,84,9,,
010,85,9,,
010,86,9,,
010,87,9,,
010,88,9,,
010,89,9,,
010,90,9,,
010,91,9,,
010,92,9,,
010,93,9,,
010,94,9,,
010,95,9,,
010,96,9,,
010,97,9,,
010,98,9,,
010,99,9,,
010,100,9,,
011,1,10,,0,0,0
011,2,10,,
011,3,10,,
011,4,10,,
011,5,10,,
011,6,10,,
011,7,10,,
011,8,10,,
011,9,10,,
011,10,10,,
011,11,10,,
011,12,10,,
011,13,10,,
011,14,10,,
011,15,10,,
011,16,10,,
011,17,10,,
011,18,10,,
011,19,10,,
011,20,10,,
011,21,10,,
011,22,10,,
011,23,10,,
011,24,10,,
011,25,10,,
011,26,10,,
011,27,10,,
011,28,10,,
011,29,10,,
011,30,10,,
011,31,10,,
011,32,10,,
011,33,10,,
011,34,10,,
011,35,10,,
011,36,10,,
011,37,10,,
011,38,10,,
011,39,10,,
011,40,10,,
011,41,10,,
011,42,10,,
011,43,10,,
011,44,10,,
011,45,10,,
011,46,10,,
011,47,10,,
011,48,10,,
011,49,10,,
011,50,10,,
011,51,10,,
011,52,10,,
011,53,10,,
011,54,10,,
011,55,10,,
011,56,10,,
011,57,10,,
011,58,10,,
011,59,10,,
011,60,10,,
011,61,10,,
011,62,10,,
011,63,10,,
011,64,10,,
011,65,10,,
011,66,10,,
011,67,10,,
011,68,10,,
011,69,10,,
011,70,10,,
011,71,10,,
011,72,10,,
011,73,10,,
011,74,10,,
011,75,10,,
011,76,10,,
011,77,10,,
011,78,10,,
011,79,10,,
011,80,10,,
011,81,10,,
011,82,10,,
011,83,10,,
011,84,10,,
011,85,10,,
011,86,10,,
011,87,10,,
011,88,10,,
011,89,10,,
011,90,10,,
011,91,10,,
011,92,10,,
011,93,10,,
011,94,10,,
011,95,10,,
011,96,10,,
011,97,10,,
011,98,10,,
011,99,10,,
011,100,10,,
012,1,11,,
012,2,11,,
012,3,11,,
012,4,11,,
012,5,11,,0,0,0
012,6,11,,
012,7,11,,1,1,1
012,8,11,,
012,9,11,,
012,10,11,,
012,11,11,,
012,12,11,,
012,13,11,,
012,14,11,,
012,15,11,,
012,16,11,,
012,17,11,,
012,18,11,,
012,19,11,,
012,20,11,,
012,21,11,,
012,22,11,,
012,23,11,,
012,24,11,,
012,25,11,,
012,26,11,,
012,27,11,,
012,28,11,,
012,29,11,,
012,30,11,,
012,31,11,,
012,32,11,,
012,33,11,,
012,34,11,,
012,35,11,,
012,36,11,,
012,37,11,,
012,38,11,,
012,39,11,,
012,40,11,,
012,41,11,,
012,42,11,,
012,43,11,,
012,44,11,,
012,45,11,,
012,46,11,,
012,47,11,,
012,48,11,,
012,49,11,,
012,50,11,,
012,51,11,,
012,52,11,,
012,53,11,,
012,54,11,,
012,55,11,,
012,56,11,,
012,57,11,,
012,58,11,,
012,59,11,,
012,60,11,,
012,61,11,,
012,62,11,,
012,63,11,,
012,64,11,,
012,65,11,,
012,66,11,,
012,67,11,,
012,68,11,,
012,69,11,,
012,70,11,,
012,71,11,,
012,72,11,,
012,73,11,,
012,74,11,,
012,75,11,,
012,76,11,,
012,77,11,,
012,78,11,,
012,79,11,,
012,80,11,,
012,81,11,,
012,82,11,,
012,83,11,,
012,84,11,,
012,85,11,,
012,86,11,,
012,87,11,,
012,88,11,,
012,89,11,,
012,90,11,,
012,91,11,,
012,92,11,,
012,93,11,,
012,94,11,,
012,95,11,,
012,96,11,,
012,97,11,,
012,98,11,,
012,99,11,,
012,100,11,,
014,1,13,,1.4641,1.4641,1.4641
014,2,13,,
014,3,13,,
014,4,13,,
014,5,13,,
014,6,13,,
014,7,13,,
014,8,13,,
014,9,13,,
014,10,13,,
014,11,13,,
014,12,13,,
014,13,13,,
014,14,13,,
014,15,13,,
014,16,13,,
014,17,13,,
014,18,13,,
014,19,13,,
014,20,13,,
014,21,13,,
014,22,13,,
014,23,13,,
014,24,13,,
014,25,13,,
014,26,13,,
014,27,13,,
014,28,13,,
014,29,13,,
014,30,13,,
014,31,13,,
014,32,13,,
014,33,13,,
014,34,13,,
014,35,13,,
014,36,13,,
014,37,13,,
014,38,13,,
014,39,13,,
014,40,13,,
014,41,13,,
014,42,13,,
014,43,13,,
014,44,13,,
014,45,13,,
014,46,13,,
014,47,13,,
014,48,13,,
014,49,13,,
014,50,13,,
014,51,13,,
014,52,13,,
014,53,13,,
014,54,13,,
014,55,13,,
014,56,13,,
014,57,13,,
014,58,13,,
014,59,13,,
014,60,13,,
014,61,13,,
014,62,13,,
014,63,13,,
014,64,13,,
014,65,13,,
014,66,13,,
014,67,13,,
014,68,13,,
014,69,13,,
014,70,13,,
014,71,13,,
014,72,13,,
014,73,13,,
014,74,13,,
014,75,13,,
014,76,13,,
014,77,13,,
014,78,13,,
014,79,13,,
014,80,13,,
014,81,13,,
014,82,13,,
014,83,13,,
014,84,13,,
014,85,13,,
014,86,13,,
014,87,13,,
014,88,13,,
014,89,13,,
014,90,13,,
014,91,13,,
014,92,13,,
014,93,13,,
014,94,13,,
014,95,13,,
014,96,13,,
014,97,13,,
014,98,13,,
014,99,13,,
014,100,13,,
015,1,14,,
015,2,14,,
015,3,14,,
015,4,14,,0.95,0.95,0.95
015,5,14,,
015,6,14,,
015,7,14,,
015,8,14,,
015,9,14,,
015,10,14,,
015,11,14,,
015,12,14,,
015,13,14,,
015,14,14,,
015,15,14,,
015,16,14,,
015,17,14,,
015,18,14,,
015,19,14,,
015,20,14,,
015,21,14,,
015,22,14,,
015,23,14,,
015,24,14,,
015,25,14,,
015,26,14,,
015,27,14,,
015,28,14,,
015,29,14,,
015,30,14,,
015,31,14,,
015,32,14,,
015,33,14,,
015,34,14,,
015,35,14,,
015,36,14,,
015,37,14,,
015,38,14,,
015,39,14,,
015,40,14,,
015,41,14,,
015,42,14,,
015,43,14,,
015,44,14,,
015,45,14,,
015,46,14,,
015,47,14,,
015,48,14,,
015,49,14,,
015,50,14,,
015,51,14,,
015,52,14,,
015,53,14,,
015,54,14,,
015,55,14,,
015,56,14,,
015,57,14,,
015,58,14,,
015,59,14,,
015,60,14,,
015,61,14,,
015,62,14,,
015,63,14,,
015,64,14,,
015,65,14,,
015,66,14,,
015,67,14,,
015,68,14,,
015,69,14,,
015,70,14,,
015,71,14,,
015,72,14,,
015,73,14,,
015,74,14,,
015,75,14,,
015,76,14,,
015,77,14,,
015,78,14,,
015,79,14,,
015,80,14,,
015,81,14,,
015,82,14,,
015,83,14,,
015,84,14,,
015,85,14,,
015,86,14,,
015,87,14,,
015,88,14,,
015,89,14,,
015,90,14,,
015,91,14,,
015,92,14,,
015,93,14,,
015,94,14,,
015,95,14,,
015,96,14,,
015,97,14,,
015,98,14,,
015,99,14,,
015,100,14,,
016,1,15,,0,0,0
016,2,15,,0,0,0
016,3,15,,
016,4,15,,0.936225,0.95,0.95
016,5,15,,
016,6,15,,
016,7,15,,
016,8,15,,
016,9,15,,
016,10,15,,
016,11,15,,
016,12,15,,
016,13,15,,
016,14,15,,
016,15,15,,
016,16,15,,
016,17,15,,
016,18,15,,
016,19,15,,
016,20,15,,
016,21,15,,
016,22,15,,
016,23,15,,
016,24,15,,
016,25,15,,
016,26,15,,
016,27,15,,
016,28,15,,
016,29,15,,
016,30,15,,
016,31,15,,
016,32,15,,
016,33,15,,
016,34,15,,
016,35,15,,
016,36,15,,
016,37,15,,
016,38,15,,
016,39,15,,
016,40,15,,
016,41,15,,
016,42,15,,
016,43,15,,
016,44,15,,
016,45,15,,
016,46,15,,
016,47,15,,
016,48,15,,
016,49,15,,
016,50,15,,
016,51,15,,
016,52,15,,
016,53,15,,
016,54,15,,
016,55,15,,
016,56,15,,
016,57,15,,
016,58,15,,
016,59,15,,
016,60,15,,
016,61,15,,
016,62,15,,
016,63,15,,
016,64,15,,
016,65,15,,
016,66,15,,
016,67,15,,
016,68,15,,
016,69,15,,
016,70,15,,
016,71,15,,
016,72,15,,
016,73,15,,
016,74,15,,
016,75,15,,
016,76,15,,
016,77,15,,
016,78,15,,
016,79,15,,
016,80,15,,
016,81,15,,
016,82,15,,
016,83,15,,
016,84,15,,
016,85,15,,
016,86,15,,
016,87,15,,
016,88,15,,
016,89,15,,
016,90,15,,
016,91,15,,
016,92,15,,
016,93,15,,
016,94,15,,
016,95,15,,
016,96,15,,
016,97,15,,
016,98,15,,
016,99,15,,
016,100,15,,
017,1,16,,1,1,1
017,2,16,,0.9945,1,1
017,3,16,,
017,4,16,,1,1,1
017,5,16,,
017,6,16,,
017,7,16,,
017,8,16,,
017,9,16,,
017,10,16,,
017,11,16,,
017,12,16,,
017,13,16,,
017,14,16,,
017,15,16,,
017,16,16,,
017,17,16,,
017,18,16,,
017,19,16,,
017,20,16,,
017,21,16,,
017,22,16,,
017,23,16,,
017,24,16,,
017,25,16,,
017,26,16,,
017,27,16,,
017,28,16,,
017,29,16,,
017,30,16,,
017,31,16,,
017,32,16,,
017,33,16,,
017,34,16,,
017,35,16,,
017,36,16,,
017,37,16,,
017,38,16,,
017,39,16,,
017,40,16,,
017,41,16,,
017,42,16,,
017,43,16,,
017,44,16,,
017,45,16,,
017,46,16,,
017,47,16,,
017,48,16,,
017,49,16,,
017,50,16,,
017,51,16,,
017,52,16,,
017,53,16,,
017,54,16,,
017,55,16,,
017,56,16,,
017,57,16,,
017,58,16,,
017,59,16,,
017,60,16,,
017,61,16,,
017,62,16,,
017,63,16,,
017,64,16,,
017,65,16,,
017,66,16,,
017,67,16,,
017,68,16,,
017,69,16,,
017,70,16,,
017,71,16,,
017,72,16,,
017,73,16,,
017,74,16,,
017,75,16,,
017,76,16,,
017,77,16,,
017,78,16,,
017,79,16,,
017,80,16,,
017,81,16,,
017,82,16,,
017,83,16,,
017,84,16,,
017,85,16,,
017,86,16,,
017,87,16,,
017,88,16,,
017,89,16,,
017,90,16,,
017,91,16,,
017,92,16,,
017,93,16,,
017,94,16,,
017,95,16,,
017,96,16,,
017,97,16,,
017,98,16,,
017,99,16,,
017,100,16,,
018,1,17,,0,0,0
018,2,17,,0.9885,1,1
018,3,17,,
018,4,17,,0,0,0
018,5,17,,
018,6,17,,
018,7,17,,
018,8,17,,
018,9,17,,
018,10,17,,
018,11,17,,
018,12,17,,
018,13,17,,
018,14,17,,
018,15,17,,
018,16,17,,
018,17,17,,
018,18,17,,
018,19,17,,
018,20,17,,
018,21,17,,
018,22,17,,
018,23,17,,
018,24,17,,
018,25,17,,
018,26,17,,
018,27,17,,
018,28,17,,
018,29,17,,
018,30,17,,
018,31,17,,
018,32,17,,
018,33,17,,
018,34,17,,
018,35,17,,
018,36,17,,
018,37,17,,
018,38,17,,
018,39,17,,
018,40,17,,
018,41,17,,
018,42,17,,
018,43,17,,
018,44,17,,
018,45,17,,
018,46,17,,
018,47,17,,
018,48,17,,
018,49,17,,
018,50,17,,
018,51,17,,
018,52,17,,
018,53,17,,
018,54,17,,
018,55,17,,
018,56,17,,
018,57,17,,
018,58,17,,
018,59,17,,
018,60,17,,
018,61,17,,
018,62,17,,
018,63,17,,
018,64,17,,
018,65,17,,
018,66,17,,
018,67,17,,
018,68,17,,
018,69,17,,
018,70,17,,
018,71,17,,
018,72,17,,
018,73,17,,
018,74,17,,
018,75,17,,
018,76,17,,
018,77,17,,
018,78,17,,
018,79,17,,
018,80,17,,
018,81,17,,
018,82,17,,
018,83,17,,
018,84,17,,
018,85,17,,
018,86,17,,
018,87,17,,
018,88,17,,
018,89,17,,
018,90,17,,
018,91,17,,
018,92,17,,
018,93,17,,
018,94,17,,
018,95,17,,
018,96,17,,
018,97,17,,
018,98,17,,
018,99,17,,
018,100,17,,
019,1,18,,1.44946,1.4641,1.4641
019,2,18,,0,0,0
019,3,18,,
019,4,18,,0,0,0
019,5,18,,
019,6,18,,
019,7,18,,
019,8,18,,
019,9,18,,
019,10,18,,
019,11,18,,
019,12,18,,
019,13,18,,
019,14,18,,
019,15,18,,
019,16,18,,
019,17,18,,
019,18,18,,
019,19,18,,
019,20,18,,
019,21,18,,
019,22,18,,
019,23,18,,
019,24,18,,
019,25,18,,
019,26,18,,
019,27,18,,
019,28,18,,
019,29,18,,
019,30,18,,
019,31,18,,
019,32,18,,
019,33,18,,
019,34,18,,
019,35,18,,
019,36,18,,
019,37,18,,
019,38,18,,
019,39,18,,
019,40,18,,
019,41,18,,
019,42,18,,
019,43,18,,
019,44,18,,
019,45,18,,
019,46,18,,
019,47,18,,
019,48,18,,
019,49,18,,
019,50,18,,
019,51,18,,
019,52,18,,
019,53,18,,
019,54,18,,
019,55,18,,
019,56,18,,
019,57,18,,
019,58,18,,
019,59,18,,
019,60,18,,
019,61,18,,
019,62,18,,
019,63,18,,
019,64,18,,
019,65,18,,
019,66,18,,
019,67,18,,
019,68,18,,
019,69,18,,
019,70,18,,
019,71,18,,
019,72,18,,
019,73,18,,
019,74,18,,
019,75,18,,
019,76,18,,
019,77,18,,
019,78,18,,
019,79,18,,
019,80,18,,
019,81,18,,
019,82,18,,
019,83,18,,
019,84,18,,
019,85,18,,
019,86,18,,
019,87,18,,
019,88,18,,
019,89,18,,
019,90,18,,
019,91,18,,
019,92,18,,
019,93,18,,
019,94,18,,
019,95,18,,
019,96,18,,
019,97,18,,
019,98,18,,
019,99,18,,
019,100,18,,
020,1,19,,0,0,0
020,2,19,,0,0,0
020,3,19,,
020,4,19,,1.4641,1.4641,1.4641
020,5,19,,
020,6,19,,
020,7,19,,
020,8,19,,
020,9,19,,
020,10,19,,
020,11,19,,
020,12,19,,
020,13,19,,
020,14,19,,
020,15,19,,
020,16,19,,
020,17,19,,
020,18,19,,
020,19,19,,
020,20,19,,
020,21,19,,
020,22,19,,
020,23,19,,
020,24,19,,
020,25,19,,
020,26,19,,
020,27,19,,
020,28,19,,
020,29,19,,
020,30,19,,
020,31,19,,
020,32,19,,
020,33,19,,
020,34,19,,
020,35,19,,
020,36,19,,
020,37,19,,
020,38,19,,
020,39,19,,
020,40,19,,
020,41,19,,
020,42,19,,
020,43,19,,
020,44,19,,
020,45,19,,
020,46,19,,
020,47,19,,
020,48,19,,
020,49,19,,
020,50,19,,
020,51,19,,
020,52,19,,
020,53,19,,
020,54,19,,
020,55,19,,
020,56,19,,
020,57,19,,
020,58,19,,
020,59,19,,
020,60,19,,
020,61,19,,
020,62,19,,
020,63,19,,
020,64,19,,
020,65,19,,
020,66,19,,
020,67,19,,
020,68,19,,
020,69,19,,
020,70,19,,
020,71,19,,
020,72,19,,
020,73,19,,
020,74,19,,
020,75,19,,
020,76,19,,
020,77,19,,
020,78,19,,
020,79,19,,
020,80,19,,
020,81,19,,
020,82,19,,
020,83,19,,
020,84,19,,
020,85,19,,
020,86,19,,
020,87,19,,
020,88,19,,
020,89,19,,
020,90,19,,
020,91,19,,
020,92,19,,
020,93,19,,
020,94,19,,
020,95,19,,
020,96,19,,
020,97,19,,
020,98,19,,
020,99,19,,
020,100,19,,
023,1,22,,0,0,0
023,2,22,,0,0,0
023,3,22,,
023,4,22,,
023,5,22,,0.9875,1,1
023,6,22,,
023,7,22,,
023,8,22,,
023,9,22,,
023,10,22,,
023,11,22,,
023,12,22,,
023,13,22,,
023,14,22,,
023,15,22,,
023,16,22,,
023,17,22,,
023,18,22,,
023,19,22,,
023,20,22,,
023,21,22,,
023,22,22,,
023,23,22,,
023,24,22,,
023,25,22,,
023,26,22,,
023,27,22,,
023,28,22,,
023,29,22,,
023,30,22,,
023,31,22,,
023,32,22,,
023,33,22,,
023,34,22,,
023,35,22,,
023,36,22,,
023,37,22,,
023,38,22,,
023,39,22,,
023,40,22,,
023,41,22,,
023,42,22,,
023,43,22,,
023,44,22,,
023,45,22,,
023,46,22,,
023,47,22,,
023,48,22,,
023,49,22,,
023,50,22,,
023,51,22,,
023,52,22,,
023,53,22,,
023,54,22,,
023,55,22,,
023,56,22,,
023,57,22,,
023,58,22,,
023,59,22,,
023,60,22,,
023,61,22,,
023,62,22,,
023,63,22,,
023,64,22,,
023,65,22,,
023,66,22,,
023,67,22,,
023,68,22,,
023,69,22,,
023,70,22,,
023,71,22,,
023,72,22,,
023,73,22,,
023,74,22,,
023,75,22,,
023,76,22,,
023,77,22,,
023,78,22,,
023,79,22,,
023,80,22,,
023,81,22,,
023,82,22,,
023,83,22,,
023,84,22,,
023,85,22,,
023,86,22,,
023,87,22,,
023,88,22,,
023,89,22,,
023,90,22,,
023,91,22,,
023,92,22,,
023,93,22,,
023,94,22,,
023,95,22,,
023,96,22,,
023,97,22,,
023,98,22,,
023,99,22,,
023,100,22,,
024,1,23,,1,1,1
024,2,23,,
024,3,23,,
024,4,23,,
024,5,23,,
024,6,23,,
024,7,23,,
024,8,23,,
024,9,23,,
024,10,23,,
024,11,23,,
024,12,23,,
024,13,23,,
024,14,23,,
024,15,23,,
024,16,23,,
024,17,23,,
024,18,23,,
024,19,23,,
024,20,23,,
024,21,23,,
024,22,23,,
024,23,23,,
024,24,23,,
024,25,23,,
024,26,23,,
024,27,23,,
024,28,23,,
024,29,23,,
024,30,23,,
024,31,23,,
024,32,23,,
024,33,23,,
024,34,23,,
024,35,23,,
024,36,23,,
024,37,23,,
024,38,23,,
024,39,23,,
024,40,23,,
024,41,23,,
024,42,23,,
024,43,23,,
024,44,23,,
024,45,23,,
024,46,23,,
024,47,23,,
024,48,23,,
024,49,23,,
024,50,23,,
024,51,23,,
024,52,23,,
024,53,23,,
024,54,23,,
024,55,23,,
024,56,23,,
024,57,23,,
024,58,23,,
024,59,23,,
024,60,23,,
024,61,23,,
024,62,23,,
024,63,23,,
024,64,23,,
024,65,23,,
024,66,23,,
024,67,23,,
024,68,23,,
024,69,23,,
024,70,23,,
024,71,23,,
024,72,23,,
024,73,23,,
024,74,23,,
024,75,23,,
024,76,23,,
024,77,23,,
024,78,23,,
024,79,23,,
024,80,23,,
024,81,23,,
024,82,23,,
024,83,23,,
024,84,23,,
024,85,23,,
024,86,23,,
024,87,23,,
024,88,23,,
024,89,23,,
024,90,23,,
024,91,23,,
024,92,23,,
024,93,23,,
024,94,23,,
024,95,23,,
024,96,23,,
024,97,23,,
024,98,23,,
024,99,23,,
024,100,23,,
025,1,24,,1.4641,1.4641,1.4641
025,2,24,,1.40554,1.4641,1.4641
025,3,24,,
025,4,24,,
025,5,24,,
025,6,24,,
025,7,24,,
025,8,24,,
025,9,24,,
025,10,24,,
025,11,24,,
025,12,24,,
025,13,24,,
025,14,24,,
025,15,24,,
025,16,24,,
025,17,24,,
025,18,24,,
025,19,24,,
025,20,24,,
025,21,24,,
025,22,24,,
025,23,24,,
025,24,24,,
025,25,24,,
025,26,24,,
025,27,24,,
025,28,24,,
025,29,24,,
025,30,24,,
025,31,24,,
025,32,24,,
025,33,24,,
025,34,24,,
025,35,24,,
025,36,24,,
025,37,24,,
025,38,24,,
025,39,24,,
025,40,24,,
025,41,24,,
025,42,24,,
025,43,24,,
025,44,24,,
025,45,24,,
025,46,24,,
025,47,24,,
025,48,24,,
025,49,24,,
025,50,24,,
025,51,24,,
025,52,24,,
025,53,24,,
025,54,24,,
025,55,24,,
025,56,24,,
025,57,24,,
025,58,24,,
025,59,24,,
025,60,24,,
025,61,24,,
025,62,24,,
025,63,24,,
025,64,24,,
025,65,24,,
025,66,24,,
025,67,24,,
025,68,24,,
025,69,24,,
025,70,24,,
025,71,24,,
025,72,24,,
025,73,24,,
025,74,24,,
025,75,24,,
025,76,24,,
025,77,24,,
025,78,24,,
025,79,24,,
025,80,24,,
025,81,24,,
025,82,24,,
025,83,24,,
025,84,24,,
025,85,24,,
025,86,24,,
025,87,24,,
025,88,24,,
025,89,24,,
025,90,24,,
025,91,24,,
025,92,24,,
025,93,24,,
025,94,24,,
025,95,24,,
025,96,24,,
025,97,24,,
025,98,24,,
025,99,24,,
025,100,24,,
026,1,25,,1.45803,1.4641,1.4641
026,2,25,,1.42018,1.4641,1.4641
026,3,25,,
026,4,25,,
026,5,25,,
026,6,25,,
026,7,25,,
026,8,25,,
026,9,25,,
026,10,25,,
026,11,25,,
026,12,25,,
026,13,25,,
026,14,25,,
026,15,25,,
026,16,25,,
026,17,25,,
026,18,25,,
026,19,25,,
026,20,25,,
026,21,25,,
026,22,25,,
026,23,25,,
026,24,25,,
026,25,25,,
026,26,25,,
026,27,25,,
026,28,25,,
026,29,25,,
026,30,25,,
026,31,25,,
026,32,25,,
026,33,25,,
026,34,25,,
026,35,25,,
026,36,25,,
026,37,25,,
026,38,25,,
026,39,25,,
026,40,25,,
026,41,25,,
026,42,25,,
026,43,25,,
026,44,25,,
026,45,25,,
026,46,25,,
026,47,25,,
026,48,25,,
026,49,25,,
026,50,25,,
026,51,25,,
026,52,25,,
026,53,25,,
026,54,25,,
026,55,25,,
026,56,25,,
026,57,25,,
026,58,25,,
026,59,25,,
026,60,25,,
026,61,25,,
026,62,25,,
026,63,25,,
026,64,25,,
026,65,25,,
026,66,25,,
026,67,25,,
026,68,25,,
026,69,25,,
026,70,25,,
026,71,25,,
026,72,25,,
026,73,25,,
026,74,25,,
026,75,25,,
026,76,25,,
026,77,25,,
026,78,25,,
026,79,25,,
026,80,25,,
026,81,25,,
026,82,25,,
026,83,25,,
026,84,25,,
026,85,25,,
026,86,25,,
026,87,25,,
026,88,25,,
026,89,25,,
026,90,25,,
026,91,25,,
026,92,25,,
026,93,25,,
026,94,25,,
026,95,25,,
026,96,25,,
026,97,25,,
026,98,25,,
026,99,25,,
026,100,25,,
027,1,26,,0,0,0
027,2,26,,0,0,0
027,3,26,,
027,4,26,,
027,5,26,,
027,6,26,,
027,7,26,,
027,8,26,,
027,9,26,,
027,10,26,,
027,11,26,,
027,12,26,,
027,13,26,,
027,14,26,,
027,15,26,,
027,16,26,,
027,17,26,,
027,18,26,,
027,19,26,,
027,20,26,,
027,21,26,,
027,22,26,,
027,23,26,,
027,24,26,,
027,25,26,,
027,26,26,,
027,27,26,,
027,28,26,,
027,29,26,,
027,30,26,,
027,31,26,,
027,32,26,,
027,33,26,,
027,34,26,,
027,35,26,,
027,36,26,,
027,37,26,,
027,38,26,,
027,39,26,,
027,40,26,,
027,41,26,,
027,42,26,,
027,43,26,,
027,44,26,,
027,45,26,,
027,46,26,,
027,47,26,,
027,48,26,,
027,49,26,,
027,50,26,,
027,51,26,,
027,52,26,,
027,53,26,,
027,54,26,,
027,55,26,,
027,56,26,,
027,57,26,,
027,58,26,,
027,59,26,,
027,60,26,,
027,61,26,,
027,62,26,,
027,63,26,,
027,64,26,,
027,65,26,,
027,66,26,,
027,67,26,,
027,68,26,,
027,69,26,,
027,70,26,,
027,71,26,,
027,72,26,,
027,73,26,,
027,74,26,,
027,75,26,,
027,76,26,,
027,77,26,,
027,78,26,,
027,79,26,,
027,80,26,,
027,81,26,,
027,82,26,,
027,83,26,,
027,84,26,,
027,85,26,,
027,86,26,,
027,87,26,,
027,88,26,,
027,89,26,,
027,90,26,,
027,91,26,,
027,92,26,,
027,93,26,,
027,94,26,,
027,95,26,,
027,96,26,,
027,97,26,,
027,98,26,,
027,99,26,,
027,100,26,,
028,1,27,,1.4641,1.4641,1.4641
028,2,27,,
028,3,27,,
028,4,27,,
028,5,27,,1.4641,1.4641,1.4641
028,6,27,,
028,7,27,,
028,8,27,,
028,9,27,,
028,10,27,,
028,11,27,,
028,12,27,,
028,13,27,,
028,14,27,,
028,15,27,,
028,16,27,,
028,17,27,,
028,18,27,,
028,19,27,,
028,20,27,,
028,21,27,,
028,22,27,,
028,23,27,,
028,24,27,,
028,25,27,,
028,26,27,,
028,27,27,,
028,28,27,,
028,29,27,,
028,30,27,,
028,31,27,,
028,32,27,,
028,33,27,,
028,34,27,,
028,35,27,,
028,36,27,,
028,37,27,,
028,38,27,,
028,39,27,,
028,40,27,,
028,41,27,,
028,42,27,,
028,43,27,,
028,44,27,,
028,45,27,,
028,46,27,,
028,47,27,,
028,48,27,,
028,49,27,,
028,50,27,,
028,51,27,,
028,52,27,,
028,53,27,,
028,54,27,,
028,55,27,,
028,56,27,,
028,57,27,,
028,58,27,,
028,59,27,,
028,60,27,,
028,61,27,,
028,62,27,,
028,63,27,,
028,64,27,,
028,65,27,,
028,66,27,,
028,67,27,,
028,68,27,,
028,69,27,,
028,70,27,,
028,71,27,,
028,72,27,,
028,73,27,,
028,74,27,,
028,75,27,,
028,76,27,,
028,77,27,,
028,78,27,,
028,79,27,,
028,80,27,,
028,81,27,,
028,82,27,,
028,83,27,,
028,84,27,,
028,85,27,,
028,86,27,,
028,87,27,,
028,88,27,,
028,89,27,,
028,90,27,,
028,91,27,,
028,92,27,,
028,93,27,,
028,94,27,,
028,95,27,,
028,96,27,,
028,97,27,,
028,98,27,,
028,99,27,,
028,100,27,,
029,1,28,,1.41662,1.4641,1.4641
029,2,28,,
029,3,28,,
029,4,28,,
029,5,28,,
029,6,28,,
029,7,28,,
029,8,28,,
029,9,28,,
029,10,28,,
029,11,28,,
029,12,28,,
029,13,28,,
029,14,28,,
029,15,28,,
029,16,28,,
029,17,28,,
029,18,28,,
029,19,28,,
029,20,28,,
029,21,28,,
029,22,28,,
029,23,28,,
029,24,28,,
029,25,28,,
029,26,28,,
029,27,28,,
029,28,28,,
029,29,28,,
029,30,28,,
029,31,28,,
029,32,28,,
029,33,28,,
029,34,28,,
029,35,28,,
029,36,28,,
029,37,28,,
029,38,28,,
029,39,28,,
029,40,28,,
029,41,28,,
029,42,28,,
029,43,28,,
029,44,28,,
029,45,28,,
029,46,28,,
029,47,28,,
029,48,28,,
029,49,28,,
029,50,28,,
029,51,28,,
029,52,28,,
029,53,28,,
029,54,28,,
029,55,28,,
029,56,28,,
029,57,28,,
029,58,28,,
029,59,28,,
029,60,28,,
029,61,28,,
029,62,28,,
029,63,28,,
029,64,28,,
029,65,28,,
029,66,28,,
029,67,28,,
029,68,28,,
029,69,28,,
029,70,28,,
029,71,28,,
029,72,28,,
029,73,28,,
029,74,28,,
029,75,28,,
029,76,28,,
029,77,28,,
029,78,28,,
029,79,28,,
029,80,28,,
029,81,28,,
029,82,28,,
029,83,28,,
029,84,28,,
029,85,28,,
029,86,28,,
029,87,28,,
029,88,28,,
029,89,28,,
029,90,28,,
029,91,28,,
029,92,28,,
029,93,28,,
029,94,28,,
029,95,28,,
029,96,28,,
029,97,28,,
029,98,28,,
029,99,28,,
029,100,28,,
030,1,29,,1.44339,1.4641,1.4641
030,2,29,,0,0,0
030,3,29,,
030,4,29,,
030,5,29,,1.44946,1.4641,1.4641
030,6,29,,
030,7,29,,
030,8,29,,
030,9,29,,
030,10,29,,
030,11,29,,
030,12,29,,
030,13,29,,
030,14,29,,
030,15,29,,
030,16,29,,
030,17,29,,
030,18,29,,
030,19,29,,
030,20,29,,
030,21,29,,
030,22,29,,
030,23,29,,
030,24,29,,
030,25,29,,
030,26,29,,
030,27,29,,
030,28,29,,
030,29,29,,
030,30,29,,
030,31,29,,
030,32,29,,
030,33,29,,
030,34,29,,
030,35,29,,
030,36,29,,
030,37,29,,
030,38,29,,
030,39,29,,
030,40,29,,
030,41,29,,
030,42,29,,
030,43,29,,
030,44,29,,
030,45,29,,
030,46,29,,
030,47,29,,
030,48,29,,
030,49,29,,
030,50,29,,
030,51,29,,
030,52,29,,
030,53,29,,
030,54,29,,
030,55,29,,
030,56,29,,
030,57,29,,
030,58,29,,
030,59,29,,
030,60,29,,
030,61,29,,
030,62,29,,
030,63,29,,
030,64,29,,
030,65,29,,
030,66,29,,
030,67,29,,
030,68,29,,
030,69,29,,
030,70,29,,
030,71,29,,
030,72,29,,
030,73,29,,
030,74,29,,
030,75,29,,
030,76,29,,
030,77,29,,
030,78,29,,
030,79,29,,
030,80,29,,
030,81,29,,
030,82,29,,
030,83,29,,
030,84,29,,
030,85,29,,
030,86,29,,
030,87,29,,
030,88,29,,
030,89,29,,
030,90,29,,
030,91,29,,
030,92,29,,
030,93,29,,
030,94,29,,
030,95,29,,
030,96,29,,
030,97,29,,
030,98,29,,
030,99,29,,
030,100,29,,
031,1,30,,
031,2,30,,
031,3,30,,0,0,0
031,4,30,,
031,5,30,,1.4641,1.4641,1.4641
031,6,30,,
031,7,30,,
031,8,30,,
031,9,30,,
031,10,30,,
031,11,30,,
031,12,30,,
031,13,30,,
031,14,30,,
031,15,30,,
031,16,30,,
031,17,30,,
031,18,30,,
031,19,30,,
031,20,30,,
031,21,30,,
031,22,30,,
031,23,30,,
031,24,30,,
031,25,30,,
031,26,30,,
031,27,30,,
031,28,30,,
031,29,30,,
031,30,30,,
031,31,30,,
031,32,30,,
031,33,30,,
031,34,30,,
031,35,30,,
031,36,30,,
031,37,30,,
031,38,30,,
031,39,30,,
031,40,30,,
031,41,30,,
031,42,30,,
031,43,30,,
031,44,30,,
031,45,30,,
031,46,30,,
031,47,30,,
031,48,30,,
031,49,30,,
031,50,30,,
031,51,30,,
031,52,30,,
031,53,30,,
031,54,30,,
031,55,30,,
031,56,30,,
031,57,30,,
031,58,30,,
031,59,30,,
031,60,30,,
031,61,30,,
031,62,30,,
031,63,30,,
031,64,30,,
031,65,30,,
031,66,30,,
031,67,30,,
031,68,30,,
031,69,30,,
031,70,30,,
031,71,30,,
031,72,30,,
031,73,30,,
031,74,30,,
031,75,30,,
031,76,30,,
031,77,30,,
031,78,30,,
031,79,30,,
031,80,30,,
031,81,30,,
031,82,30,,
031,83,30,,
031,84,30,,
031,85,30,,
031,86,30,,
031,87,30,,
031,88,30,,
031,89,30,,
031,90,30,,
031,91,30,,
031,92,30,,
031,93,30,,
031,94,30,,
031,95,30,,
031,96,30,,
031,97,30,,
031,98,30,,
031,99,30,,
031,100,30,,
032,1,31,,0,0,0
032,2,31,,
032,3,31,,
032,4,31,,
032,5,31,,0.9535,1,0.95
032,6,31,,
032,7,31,,
032,8,31,,
032,9,31,,
032,10,31,,
032,11,31,,
032,12,31,,
032,13,31,,
032,14,31,,
032,15,31,,
032,16,31,,
032,17,31,,
032,18,31,,
032,19,31,,
032,20,31,,
032,21,31,,
032,22,31,,
032,23,31,,
032,24,31,,
032,25,31,,
032,26,31,,
032,27,31,,
032,28,31,,
032,29,31,,
032,30,31,,
032,31,31,,
032,32,31,,
032,33,31,,
032,34,31,,
032,35,31,,
032,36,31,,
032,37,31,,
032,38,31,,
032,39,31,,
032,40,31,,
032,41,31,,
032,42,31,,
032,43,31,,
032,44,31,,
032,45,31,,
032,46,31,,
032,47,31,,
032,48,31,,
032,49,31,,
032,50,31,,
032,51,31,,
032,52,31,,
032,53,31,,
032,54,31,,
032,55,31,,
032,56,31,,
032,57,31,,
032,58,31,,
032,59,31,,
032,60,31,,
032,61,31,,
032,62,31,,
032,63,31,,
032,64,31,,
032,65,31,,
032,66,31,,
032,67,31,,
032,68,31,,
032,69,31,,
032,70,31,,
032,71,31,,
032,72,31,,
032,73,31,,
032,74,31,,
032,75,31,,
032,76,31,,
032,77,31,,
032,78,31,,
032,79,31,,
032,80,31,,
032,81,31,,
032,82,31,,
032,83,31,,
032,84,31,,
032,85,31,,
032,86,31,,
032,87,31,,
032,88,31,,
032,89,31,,
032,90,31,,
032,91,31,,
032,92,31,,
032,93,31,,
032,94,31,,
032,95,31,,
032,96,31,,
032,97,31,,
032,98,31,,
032,99,31,,
032,100,31,,
033,1,32,,0.99,1,1
033,2,32,,
033,3,32,,
033,4,32,,
033,5,32,,1,1,1
033,6,32,,
033,7,32,,
033,8,32,,
033,9,32,,
033,10,32,,
033,11,32,,
033,12,32,,
033,13,32,,
033,14,32,,
033,15,32,,
033,16,32,,
033,17,32,,
033,18,32,,
033,19,32,,
033,20,32,,
033,21,32,,
033,22,32,,
033,23,32,,
033,24,32,,
033,25,32,,
033,26,32,,
033,27,32,,
033,28,32,,
033,29,32,,
033,30,32,,
033,31,32,,
033,32,32,,
033,33,32,,
033,34,32,,
033,35,32,,
033,36,32,,
033,37,32,,
033,38,32,,
033,39,32,,
033,40,32,,
033,41,32,,
033,42,32,,
033,43,32,,
033,44,32,,
033,45,32,,
033,46,32,,
033,47,32,,
033,48,32,,
033,49,32,,
033,50,32,,
033,51,32,,
033,52,32,,
033,53,32,,
033,54,32,,
033,55,32,,
033,56,32,,
033,57,32,,
033,58,32,,
033,59,32,,
033,60,32,,
033,61,32,,
033,62,32,,
033,63,32,,
033,64,32,,
033,65,32,,
033,66,32,,
033,67,32,,
033,68,32,,
033,69,32,,
033,70,32,,
033,71,32,,
033,72,32,,
033,73,32,,
033,74,32,,
033,75,32,,
033,76,32,,
033,77,32,,
033,78,32,,
033,79,32,,
033,80,32,,
033,81,32,,
033,82,32,,
033,83,32,,
033,84,32,,
033,85,32,,
033,86,32,,
033,87,32,,
033,88,32,,
033,89,32,,
033,90,32,,
033,91,32,,
033,92,32,,
033,93,32,,
033,94,32,,
033,95,32,,
033,96,32,,
033,97,32,,
033,98,32,,
033,99,32,,
033,100,32,,
034,1,33,,0.9995,1,1
034,2,33,,
034,3,33,,
034,4,33,,
034,5,33,,0.99,1,1
034,6,33,,0.9895,1,1
034,7,33,,
034,8,33,,
034,9,33,,
034,10,33,,
034,11,33,,
034,12,33,,
034,13,33,,
034,14,33,,
034,15,33,,
034,16,33,,
034,17,33,,
034,18,33,,
034,19,33,,
034,20,33,,
034,21,33,,
034,22,33,,
034,23,33,,
034,24,33,,
034,25,33,,
034,26,33,,
034,27,33,,
034,28,33,,
034,29,33,,
034,30,33,,
034,31,33,,
034,32,33,,
034,33,33,,
034,34,33,,
034,35,33,,
034,36,33,,
034,37,33,,
034,38,33,,
034,39,33,,
034,40,33,,
034,41,33,,
034,42,33,,
034,43,33,,
034,44,33,,
034,45,33,,
034,46,33,,
034,47,33,,
034,48,33,,
034,49,33,,
034,50,33,,
034,51,33,,
034,52,33,,
034,53,33,,
034,54,33,,
034,55,33,,
034,56,33,,
034,57,33,,
034,58,33,,
034,59,33,,
034,60,33,,
034,61,33,,
034,62,33,,
034,63,33,,
034,64,33,,
034,65,33,,
034,66,33,,
034,67,33,,
034,68,33,,
034,69,33,,
034,70,33,,
034,71,33,,
034,72,33,,
034,73,33,,
034,74,33,,
034,75,33,,
034,76,33,,
034,77,33,,
034,78,33,,
034,79,33,,
034,80,33,,
034,81,33,,
034,82,33,,
034,83,33,,
034,84,33,,
034,85,33,,
034,86,33,,
034,87,33,,
034,88,33,,
034,89,33,,
034,90,33,,
034,91,33,,
034,92,33,,
034,93,33,,
034,94,33,,
034,95,33,,
034,96,33,,
034,97,33,,
034,98,33,,
034,99,33,,
034,100,33,,
035,1,34,,0.989,1,1
035,2,34,,
035,3,34,,
035,4,34,,
035,5,34,,
035,6,34,,
035,7,34,,
035,8,34,,
035,9,34,,
035,10,34,,
035,11,34,,
035,12,34,,
035,13,34,,
035,14,34,,
035,15,34,,
035,16,34,,
035,17,34,,
035,18,34,,
035,19,34,,
035,20,34,,
035,21,34,,
035,22,34,,
035,23,34,,
035,24,34,,
035,25,34,,
035,26,34,,
035,27,34,,
035,28,34,,
035,29,34,,
035,30,34,,
035,31,34,,
035,32,34,,
035,33,34,,
035,34,34,,
035,35,34,,
035,36,34,,
035,37,34,,
035,38,34,,
035,39,34,,
035,40,34,,
035,41,34,,
035,42,34,,
035,43,34,,
035,44,34,,
035,45,34,,
035,46,34,,
035,47,34,,
035,48,34,,
035,49,34,,
035,50,34,,
035,51,34,,
035,52,34,,
035,53,34,,
035,54,34,,
035,55,34,,
035,56,34,,
035,57,34,,
035,58,34,,
035,59,34,,
035,60,34,,
035,61,34,,
035,62,34,,
035,63,34,,
035,64,34,,
035,65,34,,
035,66,34,,
035,67,34,,
035,68,34,,
035,69,34,,
035,70,34,,
035,71,34,,
035,72,34,,
035,73,34,,
035,74,34,,
035,75,34,,
035,76,34,,
035,77,34,,
035,78,34,,
035,79,34,,
035,80,34,,
035,81,34,,
035,82,34,,
035,83,34,,
035,84,34,,
035,85,34,,
035,86,34,,
035,87,34,,
035,88,34,,
035,89,34,,
035,90,34,,
035,91,34,,
035,92,34,,
035,93,34,,
035,94,34,,
035,95,34,,
035,96,34,,
035,97,34,,
035,98,34,,
035,99,34,,
035,100,34,,
036,1,35,,
036,2,35,,
036,3,35,,0.9025,0.9025,0.9025
036,4,35,,
036,5,35,,0.99,1,1
036,6,35,,
036,7,35,,
036,8,35,,
036,9,35,,
036,10,35,,
036,11,35,,
036,12,35,,
036,13,35,,
036,14,35,,
036,15,35,,
036,16,35,,
036,17,35,,
036,18,35,,
036,19,35,,
036,20,35,,
036,21,35,,
036,22,35,,
036,23,35,,
036,24,35,,
036,25,35,,
036,26,35,,
036,27,35,,
036,28,35,,
036,29,35,,
036,30,35,,
036,31,35,,
036,32,35,,
036,33,35,,
036,34,35,,
036,35,35,,
036,36,35,,
036,37,35,,
036,38,35,,
036,39,35,,
036,40,35,,
036,41,35,,
036,42,35,,
036,43,35,,
036,44,35,,
036,45,35,,
036,46,35,,
036,47,35,,
036,48,35,,
036,49,35,,
036,50,35,,
036,51,35,,
036,52,35,,
036,53,35,,
036,54,35,,
036,55,35,,
036,56,35,,
036,57,35,,
036,58,35,,
036,59,35,,
036,60,35,,
036,61,35,,
036,62,35,,
036,63,35,,
036,64,35,,
036,65,35,,
036,66,35,,
036,67,35,,
036,68,35,,
036,69,35,,
036,70,35,,
036,71,35,,
036,72,35,,
036,73,35,,
036,74,35,,
036,75,35,,
036,76,35,,
036,77,35,,
036,78,35,,
036,79,35,,
036,80,35,,
036,81,35,,
036,82,35,,
036,83,35,,
036,84,35,,
036,85,35,,
036,86,35,,
036,87,35,,
036,88,35,,
036,89,35,,
036,90,35,,
036,91,35,,
036,92,35,,
036,93,35,,
036,94,35,,
036,95,35,,
036,96,35,,
036,97,35,,
036,98,35,,
036,99,35,,
036,100,35,,
037,1,36,,0.987,1,1
037,2,36,,
037,3,36,,
037,4,36,,
037,5,36,,
037,6,36,,0.99,1,1
037,7,36,,
037,8,36,,
037,9,36,,
037,10,36,,
037,11,36,,
037,12,36,,
037,13,36,,
037,14,36,,
037,15,36,,
037,16,36,,
037,17,36,,
037,18,36,,
037,19,36,,
037,20,36,,
037,21,36,,
037,22,36,,
037,23,36,,
037,24,36,,
037,25,36,,
037,26,36,,
037,27,36,,
037,28,36,,
037,29,36,,
037,30,36,,
037,31,36,,
037,32,36,,
037,33,36,,
037,34,36,,
037,35,36,,
037,36,36,,
037,37,36,,
037,38,36,,
037,39,36,,
037,40,36,,
037,41,36,,
037,42,36,,
037,43,36,,
037,44,36,,
037,45,36,,
037,46,36,,
037,47,36,,
037,48,36,,
037,49,36,,
037,50,36,,
037,51,36,,
037,52,36,,
037,53,36,,
037,54,36,,
037,55,36,,
037,56,36,,
037,57,36,,
037,58,36,,
037,59,36,,
037,60,36,,
037,61,36,,
037,62,36,,
037,63,36,,
037,64,36,,
037,65,36,,
037,66,36,,
037,67,36,,
037,68,36,,
037,69,36,,
037,70,36,,
037,71,36,,
037,72,36,,
037,73,36,,
037,74,36,,
037,75,36,,
037,76,36,,
037,77,36,,
037,78,36,,
037,79,36,,
037,80,36,,
037,81,36,,
037,82,36,,
037,83,36,,
037,84,36,,
037,85,36,,
037,86,36,,
037,87,36,,
037,88,36,,
037,89,36,,
037,90,36,,
037,91,36,,
037,92,36,,
037,93,36,,
037,94,36,,
037,95,36,,
037,96,36,,
037,97,36,,
037,98,36,,
037,99,36,,
037,100,36,,
038,1,37,,
038,2,37,,0.98,1,1
038,3,37,,
038,4,37,,
038,5,37,,
038,6,37,,0,0,0
038,7,37,,
038,8,37,,
038,9,37,,
038,10,37,,
038,11,37,,
038,12,37,,
038,13,37,,
038,14,37,,
038,15,37,,
038,16,37,,
038,17,37,,
038,18,37,,
038,19,37,,
038,20,37,,
038,21,37,,
038,22,37,,
038,23,37,,
038,24,37,,
038,25,37,,
038,26,37,,
038,27,37,,
038,28,37,,
038,29,37,,
038,30,37,,
038,31,37,,
038,32,37,,
038,33,37,,
038,34,37,,
038,35,37,,
038,36,37,,
038,37,37,,
038,38,37,,
038,39,37,,
038,40,37,,
038,41,37,,
038,42,37,,
038,43,37,,
038,44,37,,
038,45,37,,
038,46,37,,
038,47,37,,
038,48,37,,
038,49,37,,
038,50,37,,
038,51,37,,
038,52,37,,
038,53,37,,
038,54,37,,
038,55,37,,
038,56,37,,
038,57,37,,
038,58,37,,
038,59,37,,
038,60,37,,
038,61,37,,
038,62,37,,
038,63,37,,
038,64,37,,
038,65,37,,
038,66,37,,
038,67,37,,
038,68,37,,
038,69,37,,
038,70,37,,
038,71,37,,
038,72,37,,
038,73,37,,
038,74,37,,
038,75,37,,
038,76,37,,
038,77,37,,
038,78,37,,
038,79,37,,
038,80,37,,
038,81,37,,
038,82,37,,
038,83,37,,
038,84,37,,
038,85,37,,
038,86,37,,
038,87,37,,
038,88,37,,
038,89,37,,
038,90,37,,
038,91,37,,
038,92,37,,
038,93,37,,
038,94,37,,
038,95,37,,
038,96,37,,
038,97,37,,
038,98,37,,
038,99,37,,
038,100,37,,
039,1,38,,
039,2,38,,0.99,1,1
039,3,38,,
039,4,38,,
039,5,38,,
039,6,38,,0,0,0
039,7,38,,
039,8,38,,
039,9,38,,
039,10,38,,
039,11,38,,
039,12,38,,
039,13,38,,
039,14,38,,
039,15,38,,
039,16,38,,
039,17,38,,
039,18,38,,
039,19,38,,
039,20,38,,
039,21,38,,
039,22,38,,
039,23,38,,
039,24,38,,
039,25,38,,
039,26,38,,
039,27,38,,
039,28,38,,
039,29,38,,
039,30,38,,
039,31,38,,
039,32,38,,
039,33,38,,
039,34,38,,
039,35,38,,
039,36,38,,
039,37,38,,
039,38,38,,
039,39,38,,
039,40,38,,
039,41,38,,
039,42,38,,
039,43,38,,
039,44,38,,
039,45,38,,
039,46,38,,
039,47,38,,
039,48,38,,
039,49,38,,
039,50,38,,
039,51,38,,
039,52,38,,
039,53,38,,
039,54,38,,
039,55,38,,
039,56,38,,
039,57,38,,
039,58,38,,
039,59,38,,
039,60,38,,
039,61,38,,
039,62,38,,
039,63,38,,
039,64,38,,
039,65,38,,
039,66,38,,
039,67,38,,
039,68,38,,
039,69,38,,
039,70,38,,
039,71,38,,
039,72,38,,
039,73,38,,
039,74,38,,
039,75,38,,
039,76,38,,
039,77,38,,
039,78,38,,
039,79,38,,
039,80,38,,
039,81,38,,
039,82,38,,
039,83,38,,
039,84,38,,
039,85,38,,
039,86,38,,
039,87,38,,
039,88,38,,
039,89,38,,
039,90,38,,
039,91,38,,
039,92,38,,
039,93,38,,
039,94,38,,
039,95,38,,
039,96,38,,
039,97,38,,
039,98,38,,
039,99,38,,
039,100,38,,
040,1,39,,
040,2,39,,0,0,0
040,3,39,,
040,4,39,,
040,5,39,,
040,6,39,,
040,7,39,,
040,8,39,,
040,9,39,,
040,10,39,,
040,11,39,,
040,12,39,,
040,13,39,,
040,14,39,,
040,15,39,,
040,16,39,,
040,17,39,,
040,18,39,,
040,19,39,,
040,20,39,,
040,21,39,,
040,22,39,,
040,23,39,,
040,24,39,,
040,25,39,,
040,26,39,,
040,27,39,,
040,28,39,,
040,29,39,,
040,30,39,,
040,31,39,,
040,32,39,,
040,33,39,,
040,34,39,,
040,35,39,,
040,36,39,,
040,37,39,,
040,38,39,,
040,39,39,,
040,40,39,,
040,41,39,,
040,42,39,,
040,43,39,,
040,44,39,,
040,45,39,,
040,46,39,,
040,47,39,,
040,48,39,,
040,49,39,,
040,50,39,,
040,51,39,,
040,52,39,,
040,53,39,,
040,54,39,,
040,55,39,,
040,56,39,,
040,57,39,,
040,58,39,,
040,59,39,,
040,60,39,,
040,61,39,,
040,62,39,,
040,63,39,,
040,64,39,,
040,65,39,,
040,66,39,,
040,67,39,,
040,68,39,,
040,69,39,,
040,70,39,,
040,71,39,,
040,72,39,,
040,73,39,,
040,74,39,,
040,75,39,,
040,76,39,,
040,77,39,,
040,78,39,,
040,79,39,,
040,80,39,,
040,81,39,,
040,82,39,,
040,83,39,,
040,84,39,,
040,85,39,,
040,86,39,,
040,87,39,,
040,88,39,,
040,89,39,,
040,90,39,,
040,91,39,,
040,92,39,,
040,93,39,,
040,94,39,,
040,95,39,,
040,96,39,,
040,97,39,,
040,98,39,,
040,99,39,,
040,100,39,,
042,1,41,,
042,2,41,,1.44339,1.4641,1.4641
042,3,41,,
042,4,41,,
042,5,41,,
042,6,41,,0.999,1,1
042,7,41,,
042,8,41,,
042,9,41,,
042,10,41,,
042,11,41,,
042,12,41,,
042,13,41,,
042,14,41,,
042,15,41,,
042,16,41,,
042,17,41,,
042,18,41,,
042,19,41,,
042,20,41,,
042,21,41,,
042,22,41,,
042,23,41,,
042,24,41,,
042,25,41,,
042,26,41,,
042,27,41,,
042,28,41,,
042,29,41,,
042,30,41,,
042,31,41,,
042,32,41,,
042,33,41,,
042,34,41,,
042,35,41,,
042,36,41,,
042,37,41,,
042,38,41,,
042,39,41,,
042,40,41,,
042,41,41,,
042,42,41,,
042,43,41,,
042,44,41,,
042,45,41,,
042,46,41,,
042,47,41,,
042,48,41,,
042,49,41,,
042,50,41,,
042,51,41,,
042,52,41,,
042,53,41,,
042,54,41,,
042,55,41,,
042,56,41,,
042,57,41,,
042,58,41,,
042,59,41,,
042,60,41,,
042,61,41,,
042,62,41,,
042,63,41,,
042,64,41,,
042,65,41,,
042,66,41,,
042,67,41,,
042,68,41,,
042,69,41,,
042,70,41,,
042,71,41,,
042,72,41,,
042,73,41,,
042,74,41,,
042,75,41,,
042,76,41,,
042,77,41,,
042,78,41,,
042,79,41,,
042,80,41,,
042,81,41,,
042,82,41,,
042,83,41,,
042,84,41,,
042,85,41,,
042,86,41,,
042,87,41,,
042,88,41,,
042,89,41,,
042,90,41,,
042,91,41,,
042,92,41,,
042,93,41,,
042,94,41,,
042,95,41,,
042,96,41,,
042,97,41,,
042,98,41,,
042,99,41,,
042,100,41,,
046,1,45,,
046,2,45,,1.42875,1.4641,1.4641
046,3,45,,0,0,0
046,4,45,,
046,5,45,,
046,6,45,,
046,7,45,,
046,8,45,,
046,9,45,,
046,10,45,,
046,11,45,,
046,12,45,,
046,13,45,,
046,14,45,,
046,15,45,,
046,16,45,,
046,17,45,,
046,18,45,,
046,19,45,,
046,20,45,,
046,21,45,,
046,22,45,,
046,23,45,,
046,24,45,,
046,25,45,,
046,26,45,,
046,27,45,,
046,28,45,,
046,29,45,,
046,30,45,,
046,31,45,,
046,32,45,,
046,33,45,,
046,34,45,,
046,35,45,,
046,36,45,,
046,37,45,,
046,38,45,,
046,39,45,,
046,40,45,,
046,41,45,,
046,42,45,,
046,43,45,,
046,44,45,,
046,45,45,,
046,46,45,,
046,47,45,,
046,48,45,,
046,49,45,,
046,50,45,,
046,51,45,,
046,52,45,,
046,53,45,,
046,54,45,,
046,55,45,,
046,56,45,,
046,57,45,,
046,58,45,,
046,59,45,,
046,60,45,,
046,61,45,,
046,62,45,,
046,63,45,,
046,64,45,,
046,65,45,,
046,66,45,,
046,67,45,,
046,68,45,,
046,69,45,,
046,70,45,,
046,71,45,,
046,72,45,,
046,73,45,,
046,74,45,,
046,75,45,,
046,76,45,,
046,77,45,,
046,78,45,,
046,79,45,,
046,80,45,,
046,81,45,,
046,82,45,,
046,83,45,,
046,84,45,,
046,85,45,,
046,86,45,,
046,87,45,,
046,88,45,,
046,89,45,,
046,90,45,,
046,91,45,,
046,92,45,,
046,93,45,,
046,94,45,,
046,95,45,,
046,96,45,,
046,97,45,,
046,98,45,,
046,99,45,,
046,100,45,,
047,1,46,,
047,2,46,,0,0,0
047,3,46,,1.45803,1.4641,1.4641
047,4,46,,
047,5,46,,
047,6,46,,
047,7,46,,1.4641,1.4641,1.4641
047,8,46,,
047,9,46,,
047,10,46,,
047,11,46,,
047,12,46,,
047,13,46,,
047,14,46,,
047,15,46,,
047,16,46,,
047,17,46,,
047,18,46,,
047,19,46,,
047,20,46,,
047,21,46,,
047,22,46,,
047,23,46,,
047,24,46,,
047,25,46,,
047,26,46,,
047,27,46,,
047,28,46,,
047,29,46,,
047,30,46,,
047,31,46,,
047,32,46,,
047,33,46,,
047,34,46,,
047,35,46,,
047,36,46,,
047,37,46,,
047,38,46,,
047,39,46,,
047,40,46,,
047,41,46,,
047,42,46,,
047,43,46,,
047,44,46,,
047,45,46,,
047,46,46,,
047,47,46,,
047,48,46,,
047,49,46,,
047,50,46,,
047,51,46,,
047,52,46,,
047,53,46,,
047,54,46,,
047,55,46,,
047,56,46,,
047,57,46,,
047,58,46,,
047,59,46,,
047,60,46,,
047,61,46,,
047,62,46,,
047,63,46,,
047,64,46,,
047,65,46,,
047,66,46,,
047,67,46,,
047,68,46,,
047,69,46,,
047,70,46,,
047,71,46,,
047,72,46,,
047,73,46,,
047,74,46,,
047,75,46,,
047,76,46,,
047,77,46,,
047,78,46,,
047,79,46,,
047,80,46,,
047,81,46,,
047,82,46,,
047,83,46,,
047,84,46,,
047,85,46,,
047,86,46,,
047,87,46,,
047,88,46,,
047,89,46,,
047,90,46,,
047,91,46,,
047,92,46,,
047,93,46,,
047,94,46,,
047,95,46,,
047,96,46,,
047,97,46,,
047,98,46,,
047,99,46,,
047,100,46,,
048,1,47,,0,0,0
048,2,47,,1.44339,1.4641,1.4641
048,3,47,,
048,4,47,,
048,5,47,,
048,6,47,,
048,7,47,,
048,8,47,,
048,9,47,,
048,10,47,,
048,11,47,,
048,12,47,,
048,13,47,,
048,14,47,,
048,15,47,,
048,16,47,,
048,17,47,,
048,18,47,,
048,19,47,,
048,20,47,,
048,21,47,,
048,22,47,,
048,23,47,,
048,24,47,,
048,25,47,,
048,26,47,,
048,27,47,,
048,28,47,,
048,29,47,,
048,30,47,,
048,31,47,,
048,32,47,,
048,33,47,,
048,34,47,,
048,35,47,,
048,36,47,,
048,37,47,,
048,38,47,,
048,39,47,,
048,40,47,,
048,41,47,,
048,42,47,,
048,43,47,,
048,44,47,,
048,45,47,,
048,46,47,,
048,47,47,,
048,48,47,,
048,49,47,,
048,50,47,,
048,51,47,,
048,52,47,,
048,53,47,,
048,54,47,,
048,55,47,,
048,56,47,,
048,57,47,,
048,58,47,,
048,59,47,,
048,60,47,,
048,61,47,,
048,62,47,,
048,63,47,,
048,64,47,,
048,65,47,,
048,66,47,,
048,67,47,,
048,68,47,,
048,69,47,,
048,70,47,,
048,71,47,,
048,72,47,,
048,73,47,,
048,74,47,,
048,75,47,,
048,76,47,,
048,77,47,,
048,78,47,,
048,79,47,,
048,80,47,,
048,81,47,,
048,82,47,,
048,83,47,,
048,84,47,,
048,85,47,,
048,86,47,,
048,87,47,,
048,88,47,,
048,89,47,,
048,90,47,,
048,91,47,,
048,92,47,,
048,93,47,,
048,94,47,,
048,95,47,,
048,96,47,,
048,97,47,,
048,98,47,,
048,99,47,,
048,100,47,,
049,1,48,,0.98405,1,1
049,2,48,,
049,3,48,,0.98,1,1
049,4,48,,0.9885,1,1
049,5,48,,
049,6,48,,
049,7,48,,
049,8,48,,
049,9,48,,
049,10,48,,
049,11,48,,
049,12,48,,
049,13,48,,
049,14,48,,
049,15,48,,
049,16,48,,
049,17,48,,
049,18,48,,
049,19,48,,
049,20,48,,
049,21,48,,
049,22,48,,
049,23,48,,
049,24,48,,
049,25,48,,
049,26,48,,
049,27,48,,
049,28,48,,
049,29,48,,
049,30,48,,
049,31,48,,
049,32,48,,
049,33,48,,
049,34,48,,
049,35,48,,
049,36,48,,
049,37,48,,
049,38,48,,
049,39,48,,
049,40,48,,
049,41,48,,
049,42,48,,
049,43,48,,
049,44,48,,
049,45,48,,
049,46,48,,
049,47,48,,
049,48,48,,
049,49,48,,
049,50,48,,
049,51,48,,
049,52,48,,
049,53,48,,
049,54,48,,
049,55,48,,
049,56,48,,
049,57,48,,
049,58,48,,
049,59,48,,
049,60,48,,
049,61,48,,
049,62,48,,
049,63,48,,
049,64,48,,
049,65,48,,
049,66,48,,
049,67,48,,
049,68,48,,
049,69,48,,
049,70,48,,
049,71,48,,
049,72,48,,
049,73,48,,
049,74,48,,
049,75,48,,
049,76,48,,
049,77,48,,
049,78,48,,
049,79,48,,
049,80,48,,
049,81,48,,
049,82,48,,
049,83,48,,
049,84,48,,
049,85,48,,
049,86,48,,
049,87,48,,
049,88,48,,
049,89,48,,
049,90,48,,
049,91,48,,
049,92,48,,
049,93,48,,
049,94,48,,
049,95,48,,
049,96,48,,
049,97,48,,
049,98,48,,
049,99,48,,
049,100,48,,
050,1,49,,1,1,1
050,2,49,,0.99,1,1
050,3,49,,
050,4,49,,
050,5,49,,
050,6,49,,
050,7,49,,
050,8,49,,
050,9,49,,
050,10,49,,
050,11,49,,
050,12,49,,
050,13,49,,
050,14,49,,
050,15,49,,
050,16,49,,
050,17,49,,
050,18,49,,
050,19,49,,
050,20,49,,
050,21,49,,
050,22,49,,
050,23,49,,
050,24,49,,
050,25,49,,
050,26,49,,
050,27,49,,
050,28,49,,
050,29,49,,
050,30,49,,
050,31,49,,
050,32,49,,
050,33,49,,
050,34,49,,
050,35,49,,
050,36,49,,
050,37,49,,
050,38,49,,
050,39,49,,
050,40,49,,
050,41,49,,
050,42,49,,
050,43,49,,
050,44,49,,
050,45,49,,
050,46,49,,
050,47,49,,
050,48,49,,
050,49,49,,
050,50,49,,
050,51,49,,
050,52,49,,
050,53,49,,
050,54,49,,
050,55,49,,
050,56,49,,
050,57,49,,
050,58,49,,
050,59,49,,
050,60,49,,
050,61,49,,
050,62,49,,
050,63,49,,
050,64,49,,
050,65,49,,
050,66,49,,
050,67,49,,
050,68,49,,
050,69,49,,
050,70,49,,
050,71,49,,
050,72,49,,
050,73,49,,
050,74,49,,
050,75,49,,
050,76,49,,
050,77,49,,
050,78,49,,
050,79,49,,
050,80,49,,
050,81,49,,
050,82,49,,
050,83,49,,
050,84,49,,
050,85,49,,
050,86,49,,
050,87,49,,
050,88,49,,
050,89,49,,
050,90,49,,
050,91,49,,
050,92,49,,
050,93,49,,
050,94,49,,
050,95,49,,
050,96,49,,
050,97,49,,
050,98,49,,
050,99,49,,
050,100,49,,
051,1,50,,0.9985,1,1
051,2,50,,
051,3,50,,
051,4,50,,
051,5,50,,
051,6,50,,
051,7,50,,
051,8,50,,
051,9,50,,
051,10,50,,
051,11,50,,
051,12,50,,
051,13,50,,
051,14,50,,
051,15,50,,
051,16,50,,
051,17,50,,
051,18,50,,
051,19,50,,
051,20,50,,
051,21,50,,
051,22,50,,
051,23,50,,
051,24,50,,
051,25,50,,
051,26,50,,
051,27,50,,
051,28,50,,
051,29,50,,
051,30,50,,
051,31,50,,
051,32,50,,
051,33,50,,
051,34,50,,
051,35,50,,
051,36,50,,
051,37,50,,
051,38,50,,
051,39,50,,
051,40,50,,
051,41,50,,
051,42,50,,
051,43,50,,
051,44,50,,
051,45,50,,
051,46,50,,
051,47,50,,
051,48,50,,
051,49,50,,
051,50,50,,
051,51,50,,
051,52,50,,
051,53,50,,
051,54,50,,
051,55,50,,
051,56,50,,
051,57,50,,
051,58,50,,
051,59,50,,
051,60,50,,
051,61,50,,
051,62,50,,
051,63,50,,
051,64,50,,
051,65,50,,
051,66,50,,
051,67,50,,
051,68,50,,
051,69,50,,
051,70,50,,
051,71,50,,
051,72,50,,
051,73,50,,
051,74,50,,
051,75,50,,
051,76,50,,
051,77,50,,
051,78,50,,
051,79,50,,
051,80,50,,
051,81,50,,
051,82,50,,
051,83,50,,
051,84,50,,
051,85,50,,
051,86,50,,
051,87,50,,
051,88,50,,
051,89,50,,
051,90,50,,
051,91,50,,
051,92,50,,
051,93,50,,
051,94,50,,
051,95,50,,
051,96,50,,
051,97,50,,
051,98,50,,
051,99,50,,
051,100,50,,
052,1,51,,1,1,1
052,2,51,,1,1,1
052,3,51,,0.98,1,1
052,4,51,,1.43482,1.4641,1.4641
052,5,51,,
052,6,51,,
052,7,51,,
052,8,51,,
052,9,51,,
052,10,51,,
052,11,51,,
052,12,51,,
052,13,51,,
052,14,51,,
052,15,51,,
052,16,51,,
052,17,51,,
052,18,51,,
052,19,51,,
052,20,51,,
052,21,51,,
052,22,51,,
052,23,51,,
052,24,51,,
052,25,51,,
052,26,51,,
052,27,51,,
052,28,51,,
052,29,51,,
052,30,51,,
052,31,51,,
052,32,51,,
052,33,51,,
052,34,51,,
052,35,51,,
052,36,51,,
052,37,51,,
052,38,51,,
052,39,51,,
052,40,51,,
052,41,51,,
052,42,51,,
052,43,51,,
052,44,51,,
052,45,51,,
052,46,51,,
052,47,51,,
052,48,51,,
052,49,51,,
052,50,51,,
052,51,51,,
052,52,51,,
052,53,51,,
052,54,51,,
052,55,51,,
052,56,51,,
052,57,51,,
052,58,51,,
052,59,51,,
052,60,51,,
052,61,51,,
052,62,51,,
052,63,51,,
052,64,51,,
052,65,51,,
052,66,51,,
052,67,51,,
052,68,51,,
052,69,51,,
052,70,51,,
052,71,51,,
052,72,51,,
052,73,51,,
052,74,51,,
052,75,51,,
052,76,51,,
052,77,51,,
052,78,51,,
052,79,51,,
052,80,51,,
052,81,51,,
052,82,51,,
052,83,51,,
052,84,51,,
052,85,51,,
052,86,51,,
052,87,51,,
052,88,51,,
052,89,51,,
052,90,51,,
052,91,51,,
052,92,51,,
052,93,51,,
052,94,51,,
052,95,51,,
052,96,51,,
052,97,51,,
052,98,51,,
052,99,51,,
052,100,51,,
053,1,52,,1.4641,1.4641,1.4641
053,2,52,,1.43732,1.4641,1.4641
053,3,52,,
053,4,52,,
053,5,52,,
053,6,52,,
053,7,52,,
053,8,52,,
053,9,52,,
053,10,52,,
053,11,52,,
053,12,52,,
053,13,52,,
053,14,52,,
053,15,52,,
053,16,52,,
053,17,52,,
053,18,52,,
053,19,52,,
053,20,52,,
053,21,52,,
053,22,52,,
053,23,52,,
053,24,52,,
053,25,52,,
053,26,52,,
053,27,52,,
053,28,52,,
053,29,52,,
053,30,52,,
053,31,52,,
053,32,52,,
053,33,52,,
053,34,52,,
053,35,52,,
053,36,52,,
053,37,52,,
053,38,52,,
053,39,52,,
053,40,52,,
053,41,52,,
053,42,52,,
053,43,52,,
053,44,52,,
053,45,52,,
053,46,52,,
053,47,52,,
053,48,52,,
053,49,52,,
053,50,52,,
053,51,52,,
053,52,52,,
053,53,52,,
053,54,52,,
053,55,52,,
053,56,52,,
053,57,52,,
053,58,52,,
053,59,52,,
053,60,52,,
053,61,52,,
053,62,52,,
053,63,52,,
053,64,52,,
053,65,52,,
053,66,52,,
053,67,52,,
053,68,52,,
053,69,52,,
053,70,52,,
053,71,52,,
053,72,52,,
053,73,52,,
053,74,52,,
053,75,52,,
053,76,52,,
053,77,52,,
053,78,52,,
053,79,52,,
053,80,52,,
053,81,52,,
053,82,52,,
053,83,52,,
053,84,52,,
053,85,52,,
053,86,52,,
053,87,52,,
053,88,52,,
053,89,52,,
053,90,52,,
053,91,52,,
053,92,52,,
053,93,52,,
053,94,52,,
053,95,52,,
053,96,52,,
053,97,52,,
053,98,52,,
053,99,52,,
053,100,52,,
