"","genotype_a","genotype_b","avg_fitness_a","avg_fitness_b","fitness_sd_a","fitness_sd_b","raw_p","adj_p","starting_fitness_a","starting_fitness_b","x_a","y_a","x_b","y_b","fitness_diff"
"1",0,1,4.6833301,4.6986754,0.123229251221273,0.100073826348553,0.919215467010217,1,3.1494258,3.532201,0,0.5,0.166666666666667,0.142857142857143,0.3827752
"2",0,2,4.6833301,4.4360105,0.123229251221273,0.301288787248994,1.38775384208861e-11,8.32652305253167e-11,3.1494258,3.640827,0,0.5,0.166666666666667,0.285714285714286,0.4914012
"3",0,4,4.6833301,4.6115711,0.123229251221273,0.243023017240917,0.0128642406238261,0.0771854437429564,3.1494258,3.3611618,0,0.5,0.166666666666667,0.428571428571429,0.211736
"4",0,8,4.6833301,4.7129,0.123229251221273,0,0.993516404976933,1,3.1494258,3.4018358,0,0.5,0.166666666666667,0.571428571428571,0.25241
"5",0,16,4.6833301,4.7129,0.123229251221273,0,0.993516404976933,1,3.1494258,2.6403728,0,0.5,0.166666666666667,0.714285714285714,-0.509053
"6",0,32,4.6833301,4.6868864,0.123229251221273,0.0831346939151377,0.240759102425192,1,3.1494258,3.4017,0,0.5,0.166666666666667,0.857142857142857,0.2522742
"7",1,0,4.6986754,4.6833301,0.100073826348553,0.123229251221273,0.0818678387188496,0.491207032313097,3.532201,3.1494258,0.166666666666667,0.142857142857143,0,0.5,-0.3827752
"8",1,3,4.6986754,4.5804571,0.100073826348553,0.261613059682722,1.82597742218271e-05,0.000109558645330963,3.532201,3.05178,0.166666666666667,0.142857142857143,0.333333333333333,0.0625,-0.480421
"9",1,5,4.6986754,4.641777,0.100073826348553,0.214443913604043,0.00882134480434638,0.0529280688260783,3.532201,3.944749,0.166666666666667,0.142857142857143,0.333333333333333,0.125,0.412548
"10",1,9,4.6986754,4.7129,0.100073826348553,0,0.922902494644706,1,3.532201,3.784611,0.166666666666667,0.142857142857143,0.333333333333333,0.25,0.25241
"11",1,17,4.6986754,4.7129,0.100073826348553,0,0.922902494644706,1,3.532201,3.15337,0.166666666666667,0.142857142857143,0.333333333333333,0.4375,-0.378831
"12",1,33,4.6986754,4.7071192,0.100073826348553,0.0406694582171532,0.510048020106962,1,3.532201,2.657023,0.166666666666667,0.142857142857143,0.333333333333333,0.6875,-0.875178
"13",2,3,4.4360105,4.5804571,0.301288787248994,0.261613059682722,0.999523421473797,1,3.640827,3.05178,0.166666666666667,0.285714285714286,0.333333333333333,0.0625,-0.589047
"14",2,0,4.4360105,4.6833301,0.301288787248994,0.123229251221273,0.999999999986419,1,3.640827,3.1494258,0.166666666666667,0.285714285714286,0,0.5,-0.4914012
"15",2,6,4.4360105,4.3908838,0.301288787248994,0.305962416242732,0.164082364584812,0.984494187508872,3.640827,3.777018,0.166666666666667,0.285714285714286,0.333333333333333,0.1875,0.136191
"16",2,10,4.4360105,4.6580124,0.301288787248994,0.175714345315735,0.999999997994012,1,3.640827,2.9414,0.166666666666667,0.285714285714286,0.333333333333333,0.3125,-0.699427
"17",2,18,4.4360105,4.6975702,0.301288787248994,0.0917692102255116,0.999999999999625,1,3.640827,3.131774,0.166666666666667,0.285714285714286,0.333333333333333,0.5,-0.509053
"18",2,34,4.4360105,4.592214,0.301288787248994,0.239731143137263,0.999955863868358,1,3.640827,2.862918,0.166666666666667,0.285714285714286,0.333333333333333,0.75,-0.777908999999999
"19",3,2,4.5804571,4.4360105,0.261613059682722,0.301288787248994,0.000481582021032428,0.00288949212619457,3.05178,3.640827,0.333333333333333,0.0625,0.166666666666667,0.285714285714286,0.589047
"20",3,1,4.5804571,4.6986754,0.261613059682722,0.100073826348553,0.999982087441813,1,3.05178,3.532201,0.333333333333333,0.0625,0.166666666666667,0.142857142857143,0.480421
"21",3,7,4.5804571,4.6117682,0.261613059682722,0.243008765595654,0.818929966490608,1,3.05178,2.891066,0.333333333333333,0.0625,0.5,0.0476190476190476,-0.160714
"22",3,11,4.5804571,4.7129,0.261613059682722,0,0.999999304968137,1,3.05178,2.352353,0.333333333333333,0.0625,0.5,0.0952380952380952,-0.699427
"23",3,19,4.5804571,4.7066803,0.261613059682722,0.062197,0.999996823353224,1,3.05178,2.672949,0.333333333333333,0.0625,0.5,0.238095238095238,-0.378831
"24",3,35,4.5804571,4.6169112,0.261613059682722,0.223836680939249,0.856935851628072,1,3.05178,2.6872072,0.333333333333333,0.0625,0.5,0.523809523809524,-0.3645728
"25",4,5,4.6115711,4.641777,0.243023017240917,0.214443913604043,0.826137056987179,1,3.3611618,3.944749,0.166666666666667,0.428571428571429,0.333333333333333,0.125,0.5835872
"26",4,6,4.6115711,4.3908838,0.243023017240917,0.305962416242732,7.64837228754723e-07,4.58902337252834e-06,3.3611618,3.777018,0.166666666666667,0.428571428571429,0.333333333333333,0.1875,0.4158562
"27",4,0,4.6115711,4.6833301,0.243023017240917,0.123229251221273,0.987287369673194,1,3.3611618,3.1494258,0.166666666666667,0.428571428571429,0,0.5,-0.211736
"28",4,12,4.6115711,4.6149134,0.243023017240917,0.222155951180446,0.47859846930225,1,3.3611618,2.5243028,0.166666666666667,0.428571428571429,0.333333333333333,0.375,-0.836859
"29",4,20,4.6115711,4.6515671,0.243023017240917,0.196418854087381,0.90016515712993,1,3.3611618,3.2878628,0.166666666666667,0.428571428571429,0.333333333333333,0.5625,-0.073299
"30",4,36,4.6115711,4.6675621,0.243023017240917,0.156342723413123,0.923851746500343,1,3.3611618,3.613436,0.166666666666667,0.428571428571429,0.333333333333333,0.8125,0.2522742
"31",5,4,4.641777,4.6115711,0.214443913604043,0.243023017240917,0.174958340162539,1,3.944749,3.3611618,0.333333333333333,0.125,0.166666666666667,0.428571428571429,-0.5835872
"32",5,7,4.641777,4.6117682,0.214443913604043,0.243008765595654,0.169479691156236,1,3.944749,2.891066,0.333333333333333,0.125,0.5,0.0476190476190476,-1.053683
"33",5,1,4.641777,4.6986754,0.214443913604043,0.100073826348553,0.991319525398516,1,3.944749,3.532201,0.333333333333333,0.125,0.166666666666667,0.142857142857143,-0.412548
"34",5,13,4.641777,4.7129,0.214443913604043,0,0.999401393971989,1,3.944749,3.10789,0.333333333333333,0.125,0.5,0.142857142857143,-0.836859
"35",5,21,4.641777,4.6915631,0.214443913604043,0.121937971006251,0.977552441207674,1,3.944749,4.001672,0.333333333333333,0.125,0.5,0.285714285714286,0.0569230000000003
"36",5,37,4.641777,4.6275524,0.214443913604043,0.232286745301291,0.326860488115988,1,3.944749,3.069571,0.333333333333333,0.125,0.5,0.571428571428571,-0.875178
"37",6,7,4.3908838,4.6117682,0.305962416242732,0.243008765595654,0.99999926010762,1,3.777018,2.891066,0.333333333333333,0.1875,0.5,0.0476190476190476,-0.885952
"38",6,4,4.3908838,4.6115711,0.305962416242732,0.243023017240917,0.999999246294686,1,3.777018,3.3611618,0.333333333333333,0.1875,0.166666666666667,0.428571428571429,-0.4158562
"39",6,2,4.3908838,4.4360105,0.305962416242732,0.301288787248994,0.836593236438209,1,3.777018,3.640827,0.333333333333333,0.1875,0.166666666666667,0.285714285714286,-0.136191
"40",6,14,4.3908838,4.4242821,0.305962416242732,0.30585157326269,0.729101125682824,1,3.777018,3.827077,0.333333333333333,0.1875,0.5,0.19047619047619,0.0500590000000001
"41",6,22,4.3908838,4.4082413,0.305962416242732,0.301557177795706,0.629156602046637,1,3.777018,3.703719,0.333333333333333,0.1875,0.5,0.333333333333333,-0.073299
"42",6,38,4.3908838,4.4348606,0.305962416242732,0.301156932850095,0.851246814806567,1,3.777018,2.999109,0.333333333333333,0.1875,0.5,0.619047619047619,-0.777909
"43",7,6,4.6117682,4.3908838,0.243008765595654,0.305962416242732,7.50813138601984e-07,4.5048788316119e-06,2.891066,3.777018,0.5,0.0476190476190476,0.333333333333333,0.1875,0.885952
"44",7,5,4.6117682,4.641777,0.243008765595654,0.214443913604043,0.831593843862209,1,2.891066,3.944749,0.5,0.0476190476190476,0.333333333333333,0.125,1.053683
"45",7,3,4.6117682,4.5804571,0.243008765595654,0.261613059682722,0.182033615566998,1,2.891066,3.05178,0.5,0.0476190476190476,0.333333333333333,0.0625,0.160714
"46",7,15,4.6117682,4.4275512,0.243008765595654,0.302807998524251,1.20312188223038e-05,7.21873129338228e-05,2.891066,2.941125,0.5,0.0476190476190476,0.666666666666667,0.0625,0.0500590000000001
"47",7,23,4.6117682,4.5984492,0.243008765595654,0.240528318287771,0.326874747116016,1,2.891066,2.947989,0.5,0.0476190476190476,0.666666666666667,0.125,0.0569229999999998
"48",7,39,4.6117682,4.5971339,0.243008765595654,0.251696670135629,0.322820878346079,1,2.891066,2.5264932,0.5,0.0476190476190476,0.666666666666667,0.375,-0.3645728
"49",8,9,4.7129,4.7129,0,0,1,1,3.4018358,3.784611,0.166666666666667,0.571428571428571,0.333333333333333,0.25,0.3827752
"50",8,10,4.7129,4.6580124,0,0.175714345315735,0.0011123884840257,0.00667433090415421,3.4018358,2.9414,0.166666666666667,0.571428571428571,0.333333333333333,0.3125,-0.4604358
"51",8,12,4.7129,4.6149134,0,0.222155951180446,8.75196689933736e-06,5.25118013960242e-05,3.4018358,2.5243028,0.166666666666667,0.571428571428571,0.333333333333333,0.375,-0.877533
"52",8,0,4.7129,4.6833301,0,0.123229251221273,0.0066357275119929,0.0398143650719574,3.4018358,3.1494258,0.166666666666667,0.571428571428571,0,0.5,-0.25241
"53",8,24,4.7129,4.7129,0,0,1,1,3.4018358,4.1998978,0.166666666666667,0.571428571428571,0.333333333333333,0.625,0.798062
"54",8,40,4.7129,4.6926672,0,0.0741192208891332,0.00365125843977162,0.0219075506386297,3.4018358,4.048995,0.166666666666667,0.571428571428571,0.333333333333333,0.875,0.6471592
"55",9,8,4.7129,4.7129,0,0,1,1,3.784611,3.4018358,0.333333333333333,0.25,0.166666666666667,0.571428571428571,-0.3827752
"56",9,11,4.7129,4.7129,0,0,1,1,3.784611,2.352353,0.333333333333333,0.25,0.5,0.0952380952380952,-1.432258
"57",9,13,4.7129,4.7129,0,0,1,1,3.784611,3.10789,0.333333333333333,0.25,0.5,0.142857142857143,-0.676721
"58",9,1,4.7129,4.6986754,0,0.100073826348553,0.0791678125549835,0.475006875329901,3.784611,3.532201,0.333333333333333,0.25,0.166666666666667,0.142857142857143,-0.25241
"59",9,25,4.7129,4.7129,0,0,1,1,3.784611,4.712895,0.333333333333333,0.25,0.5,0.380952380952381,0.928284
"60",9,41,4.7129,4.7129,0,0,1,1,3.784611,3.304318,0.333333333333333,0.25,0.5,0.666666666666667,-0.480293
"61",10,11,4.6580124,4.7129,0.175714345315735,0,0.998912611217437,1,2.9414,2.352353,0.333333333333333,0.3125,0.5,0.0952380952380952,-0.589046999999999
"62",10,8,4.6580124,4.7129,0.175714345315735,0,0.998912611217437,1,2.9414,3.4018358,0.333333333333333,0.3125,0.166666666666667,0.571428571428571,0.4604358
"63",10,14,4.6580124,4.4242821,0.175714345315735,0.30585157326269,6.7497563063497e-10,4.04985378380982e-09,2.9414,3.827077,0.333333333333333,0.3125,0.5,0.19047619047619,0.885677
"64",10,2,4.6580124,4.4360105,0.175714345315735,0.301288787248994,2.04415699846187e-09,1.22649419907712e-08,2.9414,3.640827,0.333333333333333,0.3125,0.166666666666667,0.285714285714286,0.699427
"65",10,26,4.6580124,4.7129,0.175714345315735,0,0.998912611217437,1,2.9414,3.739462,0.333333333333333,0.3125,0.5,0.428571428571429,0.798062
"66",10,42,4.6580124,4.6955576,0.175714345315735,0.0689890084807103,0.828918853218738,1,2.9414,2.558376,0.333333333333333,0.3125,0.5,0.714285714285714,-0.383024
"67",11,10,4.7129,4.6580124,0,0.175714345315735,0.0011123884840257,0.00667433090415421,2.352353,2.9414,0.5,0.0952380952380952,0.333333333333333,0.3125,0.589046999999999
"68",11,9,4.7129,4.7129,0,0,1,1,2.352353,3.784611,0.5,0.0952380952380952,0.333333333333333,0.25,1.432258
"69",11,15,4.7129,4.4275512,0,0.302807998524251,1.58525016069811e-15,9.51150096418867e-15,2.352353,2.941125,0.5,0.0952380952380952,0.666666666666667,0.0625,0.588772
"70",11,3,4.7129,4.5804571,0,0.261613059682722,7.11237048395664e-07,4.26742229037398e-06,2.352353,3.05178,0.5,0.0952380952380952,0.333333333333333,0.0625,0.699427
"71",11,27,4.7129,4.7129,0,0,1,1,2.352353,3.280637,0.5,0.0952380952380952,0.666666666666667,0.1875,0.928284
"72",11,43,4.7129,4.7100096,0,0.028904,0.161087059510831,0.966522357064985,2.352353,2.3826652,0.5,0.0952380952380952,0.666666666666667,0.4375,0.0303121999999996
"73",12,13,4.6149134,4.7129,0.222155951180446,0,0.999991445300781,1,2.5243028,3.10789,0.333333333333333,0.375,0.5,0.142857142857143,0.5835872
"74",12,14,4.6149134,4.4242821,0.222155951180446,0.30585157326269,1.16852452562829e-06,7.01114715376976e-06,2.5243028,3.827077,0.333333333333333,0.375,0.5,0.19047619047619,1.3027742
"75",12,8,4.6149134,4.7129,0.222155951180446,0,0.999991445300781,1,2.5243028,3.4018358,0.333333333333333,0.375,0.166666666666667,0.571428571428571,0.877533
"76",12,4,4.6149134,4.6115711,0.222155951180446,0.243023017240917,0.522928583326039,1,2.5243028,3.3611618,0.333333333333333,0.375,0.166666666666667,0.428571428571429,0.836859
"77",12,28,4.6149134,4.7129,0.222155951180446,0,0.999991445300781,1,2.5243028,2.7881608,0.333333333333333,0.375,0.5,0.476190476190476,0.263858
"78",12,44,4.6149134,4.7071192,0.222155951180446,0.0406694582171532,0.999883041692076,1,2.5243028,3.171462,0.333333333333333,0.375,0.5,0.761904761904762,0.6471592
"79",13,12,4.7129,4.6149134,0,0.222155951180446,8.75196689933736e-06,5.25118013960242e-05,3.10789,2.5243028,0.5,0.142857142857143,0.333333333333333,0.375,-0.5835872
"80",13,15,4.7129,4.4275512,0,0.302807998524251,1.58525016069811e-15,9.51150096418867e-15,3.10789,2.941125,0.5,0.142857142857143,0.666666666666667,0.0625,-0.166765
"81",13,9,4.7129,4.7129,0,0,1,1,3.10789,3.784611,0.5,0.142857142857143,0.333333333333333,0.25,0.676721
"82",13,5,4.7129,4.641777,0,0.214443913604043,0.000612335864094357,0.00367401518456614,3.10789,3.944749,0.5,0.142857142857143,0.333333333333333,0.125,0.836859
"83",13,29,4.7129,4.7129,0,0,1,1,3.10789,3.50197,0.5,0.142857142857143,0.666666666666667,0.25,0.394079999999999
"84",13,45,4.7129,4.7000069,0,0.0814212858612724,0.0413727078384385,0.248236247030631,3.10789,2.627597,0.5,0.142857142857143,0.666666666666667,0.5,-0.480293000000001
"85",14,15,4.4242821,4.4275512,0.30585157326269,0.302807998524251,0.575862249025635,1,3.827077,2.941125,0.5,0.19047619047619,0.666666666666667,0.0625,-0.885952
"86",14,12,4.4242821,4.6149134,0.30585157326269,0.222155951180446,0.999998848518156,1,3.827077,2.5243028,0.5,0.19047619047619,0.333333333333333,0.375,-1.3027742
"87",14,10,4.4242821,4.6580124,0.30585157326269,0.175714345315735,0.999999999337949,1,3.827077,2.9414,0.5,0.19047619047619,0.333333333333333,0.3125,-0.885677
"88",14,6,4.4242821,4.3908838,0.30585157326269,0.305962416242732,0.271809821605404,1,3.827077,3.777018,0.5,0.19047619047619,0.333333333333333,0.1875,-0.0500590000000001
"89",14,30,4.4242821,4.4546696,0.30585157326269,0.298559909369404,0.782232891332866,1,3.827077,4.090935,0.5,0.19047619047619,0.666666666666667,0.3125,0.263858
"90",14,46,4.4242821,4.4195308,0.30585157326269,0.300842820297587,0.514202493063354,1,3.827077,3.444053,0.5,0.19047619047619,0.666666666666667,0.5625,-0.383024
"91",15,14,4.4275512,4.4242821,0.302807998524251,0.30585157326269,0.42521632370981,1,2.941125,3.827077,0.666666666666667,0.0625,0.5,0.19047619047619,0.885952
"92",15,13,4.4275512,4.7129,0.302807998524251,0,0.999999999999998,1,2.941125,3.10789,0.666666666666667,0.0625,0.5,0.142857142857143,0.166765
"93",15,11,4.4275512,4.7129,0.302807998524251,0,0.999999999999998,1,2.941125,2.352353,0.666666666666667,0.0625,0.5,0.0952380952380952,-0.588772
"94",15,7,4.4275512,4.6117682,0.302807998524251,0.243008765595654,0.999988127465171,1,2.941125,2.891066,0.666666666666667,0.0625,0.5,0.0476190476190476,-0.0500590000000001
"95",15,31,4.4275512,4.5028986,0.302807998524251,0.290098585618438,0.961473465526551,1,2.941125,3.335205,0.666666666666667,0.0625,0.833333333333333,0.142857142857143,0.39408
"96",15,47,4.4275512,4.4417913,0.302807998524251,0.303787820609744,0.621807433608453,1,2.941125,2.9714372,0.666666666666667,0.0625,0.833333333333333,0.285714285714286,0.0303122
"97",16,17,4.7129,4.7129,0,0,1,1,2.6403728,3.15337,0.166666666666667,0.714285714285714,0.333333333333333,0.4375,0.5129972
"98",16,18,4.7129,4.6975702,0,0.0917692102255116,0.0413727078384385,0.248236247030631,2.6403728,3.131774,0.166666666666667,0.714285714285714,0.333333333333333,0.5,0.4914012
"99",16,20,4.7129,4.6515671,0,0.196418854087381,0.00111387501898134,0.00668325011388807,2.6403728,3.2878628,0.166666666666667,0.714285714285714,0.333333333333333,0.5625,0.64749
"100",16,24,4.7129,4.7129,0,0,1,1,2.6403728,4.1998978,0.166666666666667,0.714285714285714,0.333333333333333,0.625,1.559525
"101",16,0,4.7129,4.6833301,0,0.123229251221273,0.0066357275119929,0.0398143650719574,2.6403728,3.1494258,0.166666666666667,0.714285714285714,0,0.5,0.509053
"102",16,48,4.7129,4.7013384,0,0.0569253832842661,0.0222044902376714,0.133226941426029,2.6403728,3.057626,0.166666666666667,0.714285714285714,0.333333333333333,0.9375,0.4172532
"103",17,16,4.7129,4.7129,0,0,1,1,3.15337,2.6403728,0.333333333333333,0.4375,0.166666666666667,0.714285714285714,-0.5129972
"104",17,19,4.7129,4.7066803,0,0.062197,0.161087059510831,0.966522357064985,3.15337,2.672949,0.333333333333333,0.4375,0.5,0.238095238095238,-0.480421
"105",17,21,4.7129,4.6915631,0,0.121937971006251,0.0413688080390578,0.248212848234347,3.15337,4.001672,0.333333333333333,0.4375,0.5,0.285714285714286,0.848302
"106",17,25,4.7129,4.7129,0,0,1,1,3.15337,4.712895,0.333333333333333,0.4375,0.5,0.380952380952381,1.559525
"107",17,1,4.7129,4.6986754,0,0.100073826348553,0.0791678125549835,0.475006875329901,3.15337,3.532201,0.333333333333333,0.4375,0.166666666666667,0.142857142857143,0.378831
"108",17,49,4.7129,4.7129,0,0,1,1,3.15337,2.54307,0.333333333333333,0.4375,0.5,0.80952380952381,-0.6103
"109",18,19,4.6975702,4.7066803,0.0917692102255116,0.062197,0.843173240076381,1,3.131774,2.672949,0.333333333333333,0.5,0.5,0.238095238095238,-0.458825
"110",18,16,4.6975702,4.7129,0.0917692102255116,0,0.959644816585649,1,3.131774,2.6403728,0.333333333333333,0.5,0.166666666666667,0.714285714285714,-0.4914012
"111",18,22,4.6975702,4.4082413,0.0917692102255116,0.301557177795706,5.55812845892132e-15,3.33487707535279e-14,3.131774,3.703719,0.333333333333333,0.5,0.5,0.333333333333333,0.571945
"112",18,26,4.6975702,4.7129,0.0917692102255116,0,0.959644816585649,1,3.131774,3.739462,0.333333333333333,0.5,0.5,0.428571428571429,0.607688
"113",18,2,4.6975702,4.4360105,0.0917692102255116,0.301288787248994,3.83865213018377e-13,2.30319127811026e-12,3.131774,3.640827,0.333333333333333,0.5,0.166666666666667,0.285714285714286,0.509053
"114",18,50,4.6975702,4.6884601,0.0917692102255116,0.113168213703845,0.23806417713229,1,3.131774,2.518844,0.333333333333333,0.5,0.5,0.857142857142857,-0.61293
"115",19,18,4.7066803,4.6975702,0.062197,0.0917692102255116,0.159258610785155,0.955551664710933,2.672949,3.131774,0.5,0.238095238095238,0.333333333333333,0.5,0.458825
"116",19,17,4.7066803,4.7129,0.062197,0,0.843752354978745,1,2.672949,3.15337,0.5,0.238095238095238,0.333333333333333,0.4375,0.480421
"117",19,23,4.7066803,4.5984492,0.062197,0.240528318287771,1.20634063816644e-05,7.23804382899866e-05,2.672949,2.947989,0.5,0.238095238095238,0.666666666666667,0.125,0.27504
"118",19,27,4.7066803,4.7129,0.062197,0,0.843752354978745,1,2.672949,3.280637,0.5,0.238095238095238,0.666666666666667,0.1875,0.607688
"119",19,3,4.7066803,4.5804571,0.062197,0.261613059682722,3.24479213064009e-06,1.94687527838405e-05,2.672949,3.05178,0.5,0.238095238095238,0.333333333333333,0.0625,0.378831
"120",19,51,4.7066803,4.7057877,0.062197,0.071123,0.5,1,2.672949,2.5732542,0.5,0.238095238095238,0.666666666666667,0.625,-0.0996948
"121",20,21,4.6515671,4.6915631,0.196418854087381,0.121937971006251,0.96059316084139,1,3.2878628,4.001672,0.333333333333333,0.5625,0.5,0.285714285714286,0.7138092
"122",20,22,4.6515671,4.4082413,0.196418854087381,0.301557177795706,1.04254356047725e-09,6.25526136286347e-09,3.2878628,3.703719,0.333333333333333,0.5625,0.5,0.333333333333333,0.4158562
"123",20,16,4.6515671,4.7129,0.196418854087381,0,0.998911152088711,1,3.2878628,2.6403728,0.333333333333333,0.5625,0.166666666666667,0.714285714285714,-0.64749
"124",20,28,4.6515671,4.7129,0.196418854087381,0,0.998911152088711,1,3.2878628,2.7881608,0.333333333333333,0.5625,0.5,0.476190476190476,-0.499702
"125",20,4,4.6515671,4.6115711,0.196418854087381,0.243023017240917,0.100596427019304,0.603578562115822,3.2878628,3.3611618,0.333333333333333,0.5625,0.166666666666667,0.428571428571429,0.073299
"126",20,52,4.6515671,4.631788,0.196418854087381,0.206541480232339,0.121567726002609,0.729406356015652,3.2878628,3.705116,0.333333333333333,0.5625,0.5,0.904761904761905,0.4172532
"127",21,20,4.6915631,4.6515671,0.121937971006251,0.196418854087381,0.03991499412288,0.23948996473728,4.001672,3.2878628,0.5,0.285714285714286,0.333333333333333,0.5625,-0.7138092
"128",21,23,4.6915631,4.5984492,0.121937971006251,0.240528318287771,0.000247129717552037,0.00148277830531222,4.001672,2.947989,0.5,0.285714285714286,0.666666666666667,0.125,-1.053683
"129",21,17,4.6915631,4.7129,0.121937971006251,0,0.959648663953616,1,4.001672,3.15337,0.5,0.285714285714286,0.333333333333333,0.4375,-0.848302
"130",21,29,4.6915631,4.7129,0.121937971006251,0,0.959648663953616,1,4.001672,3.50197,0.5,0.285714285714286,0.666666666666667,0.25,-0.499702000000001
"131",21,5,4.6915631,4.641777,0.121937971006251,0.214443913604043,0.0227547969738559,0.136528781843135,4.001672,3.944749,0.5,0.285714285714286,0.333333333333333,0.125,-0.0569230000000003
"132",21,53,4.6915631,4.6773385,0.121937971006251,0.155789891409565,0.236908635188532,1,4.001672,3.391372,0.5,0.285714285714286,0.666666666666667,0.6875,-0.6103
"133",22,23,4.4082413,4.5984492,0.301557177795706,0.240528318287771,0.99999826025962,1,3.703719,2.947989,0.5,0.333333333333333,0.666666666666667,0.125,-0.75573
"134",22,20,4.4082413,4.6515671,0.301557177795706,0.196418854087381,0.999999998976681,1,3.703719,3.2878628,0.5,0.333333333333333,0.333333333333333,0.5625,-0.4158562
"135",22,18,4.4082413,4.6975702,0.301557177795706,0.0917692102255116,0.999999999999995,1,3.703719,3.131774,0.5,0.333333333333333,0.333333333333333,0.5,-0.571945
"136",22,30,4.4082413,4.4546696,0.301557177795706,0.298559909369404,0.867839598801728,1,3.703719,4.090935,0.5,0.333333333333333,0.666666666666667,0.3125,0.387216
"137",22,6,4.4082413,4.3908838,0.301557177795706,0.305962416242732,0.371873168086588,1,3.703719,3.777018,0.5,0.333333333333333,0.333333333333333,0.1875,0.073299
"138",22,54,4.4082413,4.404912,0.301557177795706,0.303216269618924,0.469645828117057,1,3.703719,3.090789,0.5,0.333333333333333,0.666666666666667,0.75,-0.61293
"139",23,22,4.5984492,4.4082413,0.240528318287771,0.301557177795706,1.76434541401773e-06,1.05860724841064e-05,2.947989,3.703719,0.666666666666667,0.125,0.5,0.333333333333333,0.75573
"140",23,21,4.5984492,4.6915631,0.240528318287771,0.121937971006251,0.999756993790611,1,2.947989,4.001672,0.666666666666667,0.125,0.5,0.285714285714286,1.053683
"141",23,19,4.5984492,4.7066803,0.240528318287771,0.062197,0.999988185618172,1,2.947989,2.672949,0.666666666666667,0.125,0.5,0.238095238095238,-0.27504
"142",23,31,4.5984492,4.5028986,0.240528318287771,0.290098585618438,0.00723088314989592,0.0433852988993755,2.947989,3.335205,0.666666666666667,0.125,0.833333333333333,0.142857142857143,0.387216
"143",23,7,4.5984492,4.6117682,0.240528318287771,0.243008765595654,0.674472640454716,1,2.947989,2.891066,0.666666666666667,0.125,0.5,0.0476190476190476,-0.0569229999999998
"144",23,55,4.5984492,4.6391122,0.240528318287771,0.204660885213871,0.900065905188464,1,2.947989,2.8482942,0.666666666666667,0.125,0.833333333333333,0.428571428571429,-0.0996947999999995
"145",24,25,4.7129,4.7129,0,0,1,1,4.1998978,4.712895,0.333333333333333,0.625,0.5,0.380952380952381,0.5129972
"146",24,26,4.7129,4.7129,0,0,1,1,4.1998978,3.739462,0.333333333333333,0.625,0.5,0.428571428571429,-0.4604358
"147",24,28,4.7129,4.7129,0,0,1,1,4.1998978,2.7881608,0.333333333333333,0.625,0.5,0.476190476190476,-1.411737
"148",24,16,4.7129,4.7129,0,0,1,1,4.1998978,2.6403728,0.333333333333333,0.625,0.166666666666667,0.714285714285714,-1.559525
"149",24,8,4.7129,4.7129,0,0,1,1,4.1998978,3.4018358,0.333333333333333,0.625,0.166666666666667,0.571428571428571,-0.798062
"150",24,56,4.7129,4.7100096,0,0.028904,0.161087059510831,0.966522357064985,4.1998978,4.423861,0.333333333333333,0.625,0.5,0.952380952380952,0.223963200000001
"151",25,24,4.7129,4.7129,0,0,1,1,4.712895,4.1998978,0.5,0.380952380952381,0.333333333333333,0.625,-0.5129972
"152",25,27,4.7129,4.7129,0,0,1,1,4.712895,3.280637,0.5,0.380952380952381,0.666666666666667,0.1875,-1.432258
"153",25,29,4.7129,4.7129,0,0,1,1,4.712895,3.50197,0.5,0.380952380952381,0.666666666666667,0.25,-1.210925
"154",25,17,4.7129,4.7129,0,0,1,1,4.712895,3.15337,0.5,0.380952380952381,0.333333333333333,0.4375,-1.559525
"155",25,9,4.7129,4.7129,0,0,1,1,4.712895,3.784611,0.5,0.380952380952381,0.333333333333333,0.25,-0.928284
"156",25,57,4.7129,4.7129,0,0,1,1,4.712895,3.909305,0.5,0.380952380952381,0.666666666666667,0.8125,-0.803589999999999
"157",26,27,4.7129,4.7129,0,0,1,1,3.739462,3.280637,0.5,0.428571428571429,0.666666666666667,0.1875,-0.458825
"158",26,24,4.7129,4.7129,0,0,1,1,3.739462,4.1998978,0.5,0.428571428571429,0.333333333333333,0.625,0.4604358
"159",26,30,4.7129,4.4546696,0,0.298559909369404,4.4757766506651e-14,2.68546599039906e-13,3.739462,4.090935,0.5,0.428571428571429,0.666666666666667,0.3125,0.351473
"160",26,18,4.7129,4.6975702,0,0.0917692102255116,0.0413727078384385,0.248236247030631,3.739462,3.131774,0.5,0.428571428571429,0.333333333333333,0.5,-0.607688
"161",26,10,4.7129,4.6580124,0,0.175714345315735,0.0011123884840257,0.00667433090415421,3.739462,2.9414,0.5,0.428571428571429,0.333333333333333,0.3125,-0.798062
"162",26,58,4.7129,4.6926672,0,0.0741192208891332,0.00365125843977162,0.0219075506386297,3.739462,2.933242,0.5,0.428571428571429,0.666666666666667,0.875,-0.80622
"163",27,26,4.7129,4.7129,0,0,1,1,3.280637,3.739462,0.666666666666667,0.1875,0.5,0.428571428571429,0.458825
"164",27,25,4.7129,4.7129,0,0,1,1,3.280637,4.712895,0.666666666666667,0.1875,0.5,0.380952380952381,1.432258
"165",27,31,4.7129,4.5028986,0,0.290098585618438,4.57211885966288e-11,2.74327131579773e-10,3.280637,3.335205,0.666666666666667,0.1875,0.833333333333333,0.142857142857143,0.0545680000000002
"166",27,19,4.7129,4.7066803,0,0.062197,0.161087059510831,0.966522357064985,3.280637,2.672949,0.666666666666667,0.1875,0.5,0.238095238095238,-0.607688
"167",27,11,4.7129,4.7129,0,0,1,1,3.280637,2.352353,0.666666666666667,0.1875,0.5,0.0952380952380952,-0.928284
"168",27,59,4.7129,4.7129,0,0,1,1,3.280637,2.9876522,0.666666666666667,0.1875,0.833333333333333,0.571428571428571,-0.2929848
"169",28,29,4.7129,4.7129,0,0,1,1,2.7881608,3.50197,0.5,0.476190476190476,0.666666666666667,0.25,0.713809199999999
"170",28,30,4.7129,4.4546696,0,0.298559909369404,4.4757766506651e-14,2.68546599039906e-13,2.7881608,4.090935,0.5,0.476190476190476,0.666666666666667,0.3125,1.3027742
"171",28,24,4.7129,4.7129,0,0,1,1,2.7881608,4.1998978,0.5,0.476190476190476,0.333333333333333,0.625,1.411737
"172",28,20,4.7129,4.6515671,0,0.196418854087381,0.00111387501898134,0.00668325011388807,2.7881608,3.2878628,0.5,0.476190476190476,0.333333333333333,0.5625,0.499702
"173",28,12,4.7129,4.6149134,0,0.222155951180446,8.75196689933736e-06,5.25118013960242e-05,2.7881608,2.5243028,0.5,0.476190476190476,0.333333333333333,0.375,-0.263858
"174",28,60,4.7129,4.7042288,0,0.0495549275756741,0.0413688080390578,0.248212848234347,2.7881608,3.012124,0.5,0.476190476190476,0.666666666666667,0.9375,0.2239632
"175",29,28,4.7129,4.7129,0,0,1,1,3.50197,2.7881608,0.666666666666667,0.25,0.5,0.476190476190476,-0.713809199999999
"176",29,31,4.7129,4.5028986,0,0.290098585618438,4.57211885966288e-11,2.74327131579773e-10,3.50197,3.335205,0.666666666666667,0.25,0.833333333333333,0.142857142857143,-0.166764999999999
"177",29,25,4.7129,4.7129,0,0,1,1,3.50197,4.712895,0.666666666666667,0.25,0.5,0.380952380952381,1.210925
"178",29,21,4.7129,4.6915631,0,0.121937971006251,0.0413688080390578,0.248212848234347,3.50197,4.001672,0.666666666666667,0.25,0.5,0.285714285714286,0.499702000000001
"179",29,13,4.7129,4.7129,0,0,1,1,3.50197,3.10789,0.666666666666667,0.25,0.5,0.142857142857143,-0.394079999999999
"180",29,61,4.7129,4.7129,0,0,1,1,3.50197,2.69838,0.666666666666667,0.25,0.833333333333333,0.714285714285714,-0.803589999999999
"181",30,31,4.4546696,4.5028986,0.298559909369404,0.290098585618438,0.881479234820866,1,4.090935,3.335205,0.666666666666667,0.3125,0.833333333333333,0.142857142857143,-0.75573
"182",30,28,4.4546696,4.7129,0.298559909369404,0,0.999999999999956,1,4.090935,2.7881608,0.666666666666667,0.3125,0.5,0.476190476190476,-1.3027742
"183",30,26,4.4546696,4.7129,0.298559909369404,0,0.999999999999956,1,4.090935,3.739462,0.666666666666667,0.3125,0.5,0.428571428571429,-0.351473
"184",30,22,4.4546696,4.4082413,0.298559909369404,0.301557177795706,0.132746683649211,0.796480101895265,4.090935,3.703719,0.666666666666667,0.3125,0.5,0.333333333333333,-0.387216
"185",30,14,4.4546696,4.4242821,0.298559909369404,0.30585157326269,0.218581921336802,1,4.090935,3.827077,0.666666666666667,0.3125,0.5,0.19047619047619,-0.263858
"186",30,62,4.4546696,4.4978288,0.298559909369404,0.292100680115261,0.836730889686802,1,4.090935,3.284715,0.666666666666667,0.3125,0.833333333333333,0.857142857142857,-0.80622
"187",31,30,4.5028986,4.4546696,0.290098585618438,0.298559909369404,0.119083983897697,0.714503903386183,3.335205,4.090935,0.833333333333333,0.142857142857143,0.666666666666667,0.3125,0.75573
"188",31,29,4.5028986,4.7129,0.290098585618438,0,0.999999999955388,1,3.335205,3.50197,0.833333333333333,0.142857142857143,0.666666666666667,0.25,0.166764999999999
"189",31,27,4.5028986,4.7129,0.290098585618438,0,0.999999999955388,1,3.335205,3.280637,0.833333333333333,0.142857142857143,0.666666666666667,0.1875,-0.0545680000000002
"190",31,23,4.5028986,4.5984492,0.290098585618438,0.240528318287771,0.99283211161624,1,3.335205,2.947989,0.833333333333333,0.142857142857143,0.666666666666667,0.125,-0.387216
"191",31,15,4.5028986,4.4275512,0.290098585618438,0.302807998524251,0.0387618693268052,0.232571215960831,3.335205,2.941125,0.833333333333333,0.142857142857143,0.666666666666667,0.0625,-0.39408
"192",31,63,4.5028986,4.5647169,0.290098585618438,0.265238972640645,0.94074459745048,1,3.335205,3.0422202,0.833333333333333,0.142857142857143,1,0.5,-0.2929848
"193",32,33,4.6868864,4.7071192,0.0831346939151377,0.0406694582171532,0.984950648457236,1,3.4017,2.657023,0.166666666666667,0.857142857142857,0.333333333333333,0.6875,-0.744677
"194",32,34,4.6868864,4.592214,0.0831346939151377,0.239731143137263,0.00350113993734278,0.0210068396240567,3.4017,2.862918,0.166666666666667,0.857142857142857,0.333333333333333,0.75,-0.538781999999999
"195",32,36,4.6868864,4.6675621,0.0831346939151377,0.156342723413123,0.456860909792687,1,3.4017,3.613436,0.166666666666667,0.857142857142857,0.333333333333333,0.8125,0.211736
"196",32,40,4.6868864,4.6926672,0.0831346939151377,0.0741192208891332,0.699367099636047,1,3.4017,4.048995,0.166666666666667,0.857142857142857,0.333333333333333,0.875,0.647295
"197",32,48,4.6868864,4.7013384,0.0831346939151377,0.0569253832842661,0.924130287385101,1,3.4017,3.057626,0.166666666666667,0.857142857142857,0.333333333333333,0.9375,-0.344074
"198",32,0,4.6868864,4.6833301,0.0831346939151377,0.123229251221273,0.760904588771893,1,3.4017,3.1494258,0.166666666666667,0.857142857142857,0,0.5,-0.2522742
"199",33,32,4.7071192,4.6868864,0.0406694582171532,0.0831346939151377,0.0152859272636875,0.0917155635821249,2.657023,3.4017,0.333333333333333,0.6875,0.166666666666667,0.857142857142857,0.744677
"200",33,35,4.7071192,4.6169112,0.0406694582171532,0.223836680939249,0.000216789861036898,0.00130073916622139,2.657023,2.6872072,0.333333333333333,0.6875,0.5,0.523809523809524,0.0301841999999999
"201",33,37,4.7071192,4.6275524,0.0406694582171532,0.232286745301291,0.00234856081920223,0.0140913649152134,2.657023,3.069571,0.333333333333333,0.6875,0.5,0.571428571428571,0.412548
"202",33,41,4.7071192,4.7129,0.0406694582171532,0,0.922902494644706,1,2.657023,3.304318,0.333333333333333,0.6875,0.5,0.666666666666667,0.647295
"203",33,49,4.7071192,4.7129,0.0406694582171532,0,0.922902494644706,1,2.657023,2.54307,0.333333333333333,0.6875,0.5,0.80952380952381,-0.113953
"204",33,1,4.7071192,4.6986754,0.0406694582171532,0.100073826348553,0.493970779914471,1,2.657023,3.532201,0.333333333333333,0.6875,0.166666666666667,0.142857142857143,0.875178
"205",34,35,4.592214,4.6169112,0.239731143137263,0.223836680939249,0.791276490025686,1,2.862918,2.6872072,0.333333333333333,0.75,0.5,0.523809523809524,-0.1757108
"206",34,32,4.592214,4.6868864,0.239731143137263,0.0831346939151377,0.996540029536395,1,2.862918,3.4017,0.333333333333333,0.75,0.166666666666667,0.857142857142857,0.538781999999999
"207",34,38,4.592214,4.4348606,0.239731143137263,0.301156932850095,4.92483057989511e-05,0.000295489834793707,2.862918,2.999109,0.333333333333333,0.75,0.5,0.619047619047619,0.136190999999999
"208",34,42,4.592214,4.6955576,0.239731143137263,0.0689890084807103,0.999557174429264,1,2.862918,2.558376,0.333333333333333,0.75,0.5,0.714285714285714,-0.304542000000001
"209",34,50,4.592214,4.6884601,0.239731143137263,0.113168213703845,0.999662336380038,1,2.862918,2.518844,0.333333333333333,0.75,0.5,0.857142857142857,-0.344074
"210",34,2,4.592214,4.4360105,0.239731143137263,0.301288787248994,4.46773951613083e-05,0.00026806437096785,2.862918,3.640827,0.333333333333333,0.75,0.166666666666667,0.285714285714286,0.777908999999999
"211",35,34,4.6169112,4.592214,0.223836680939249,0.239731143137263,0.209764559069101,1,2.6872072,2.862918,0.5,0.523809523809524,0.333333333333333,0.75,0.1757108
"212",35,33,4.6169112,4.7071192,0.223836680939249,0.0406694582171532,0.999787199485331,1,2.6872072,2.657023,0.5,0.523809523809524,0.333333333333333,0.6875,-0.0301841999999999
"213",35,39,4.6169112,4.5971339,0.223836680939249,0.251696670135629,0.279165762232794,1,2.6872072,2.5264932,0.5,0.523809523809524,0.666666666666667,0.375,-0.160714
"214",35,43,4.6169112,4.7100096,0.223836680939249,0.028904,0.999936300303733,1,2.6872072,2.3826652,0.5,0.523809523809524,0.666666666666667,0.4375,-0.304542
"215",35,51,4.6169112,4.7057877,0.223836680939249,0.071123,0.999913540958845,1,2.6872072,2.5732542,0.5,0.523809523809524,0.666666666666667,0.625,-0.113953
"216",35,3,4.6169112,4.5804571,0.223836680939249,0.261613059682722,0.143882404022776,0.863294424136656,2.6872072,3.05178,0.5,0.523809523809524,0.333333333333333,0.0625,0.3645728
"217",36,37,4.6675621,4.6275524,0.156342723413123,0.232286745301291,0.196962410167756,1,3.613436,3.069571,0.333333333333333,0.8125,0.5,0.571428571428571,-0.543865
"218",36,38,4.6675621,4.4348606,0.156342723413123,0.301156932850095,1.48556339375336e-09,8.91338036252018e-09,3.613436,2.999109,0.333333333333333,0.8125,0.5,0.619047619047619,-0.614327
"219",36,32,4.6675621,4.6868864,0.156342723413123,0.0831346939151377,0.545091768376791,1,3.613436,3.4017,0.333333333333333,0.8125,0.166666666666667,0.857142857142857,-0.211736
"220",36,44,4.6675621,4.7071192,0.156342723413123,0.0406694582171532,0.986053069734658,1,3.613436,3.171462,0.333333333333333,0.8125,0.5,0.761904761904762,-0.441974
"221",36,52,4.6675621,4.631788,0.156342723413123,0.206541480232339,0.0936399577387129,0.561839746432277,3.613436,3.705116,0.333333333333333,0.8125,0.5,0.904761904761905,0.0916799999999998
"222",36,4,4.6675621,4.6115711,0.156342723413123,0.243023017240917,0.0767704244935402,0.460622546961241,3.613436,3.3611618,0.333333333333333,0.8125,0.166666666666667,0.428571428571429,-0.2522742
"223",37,36,4.6275524,4.6675621,0.232286745301291,0.156342723413123,0.804309915690142,1,3.069571,3.613436,0.5,0.571428571428571,0.333333333333333,0.8125,0.543865
"224",37,39,4.6275524,4.5971339,0.232286745301291,0.251696670135629,0.172744585778333,1,3.069571,2.5264932,0.5,0.571428571428571,0.666666666666667,0.375,-0.5430778
"225",37,33,4.6275524,4.7071192,0.232286745301291,0.0406694582171532,0.997691661157866,1,3.069571,2.657023,0.5,0.571428571428571,0.333333333333333,0.6875,-0.412548
"226",37,45,4.6275524,4.7000069,0.232286745301291,0.0814212858612724,0.993360384766318,1,3.069571,2.627597,0.5,0.571428571428571,0.666666666666667,0.5,-0.441974
"227",37,53,4.6275524,4.6773385,0.232286745301291,0.155789891409565,0.961880848457923,1,3.069571,3.391372,0.5,0.571428571428571,0.666666666666667,0.6875,0.321801
"228",37,5,4.6275524,4.641777,0.232286745301291,0.214443913604043,0.674764333695593,1,3.069571,3.944749,0.5,0.571428571428571,0.333333333333333,0.125,0.875178
"229",38,39,4.4348606,4.5971339,0.301156932850095,0.251696670135629,0.999887513386273,1,2.999109,2.5264932,0.5,0.619047619047619,0.666666666666667,0.375,-0.4726158
"230",38,36,4.4348606,4.6675621,0.301156932850095,0.156342723413123,0.999999998542298,1,2.999109,3.613436,0.5,0.619047619047619,0.333333333333333,0.8125,0.614327
"231",38,34,4.4348606,4.592214,0.301156932850095,0.239731143137263,0.999951344678577,1,2.999109,2.862918,0.5,0.619047619047619,0.333333333333333,0.75,-0.136190999999999
"232",38,46,4.4348606,4.4195308,0.301156932850095,0.300842820297587,0.355447027982384,1,2.999109,3.444053,0.5,0.619047619047619,0.666666666666667,0.5625,0.444944
"233",38,54,4.4348606,4.404912,0.301156932850095,0.303216269618924,0.214416024820132,1,2.999109,3.090789,0.5,0.619047619047619,0.666666666666667,0.75,0.0916800000000002
"234",38,6,4.4348606,4.3908838,0.301156932850095,0.305962416242732,0.149387255246005,0.896323531476029,2.999109,3.777018,0.5,0.619047619047619,0.333333333333333,0.1875,0.777909
"235",39,38,4.5971339,4.4348606,0.251696670135629,0.301156932850095,0.000113804350508341,0.000682826103050047,2.5264932,2.999109,0.666666666666667,0.375,0.5,0.619047619047619,0.4726158
"236",39,37,4.5971339,4.6275524,0.251696670135629,0.232286745301291,0.828260561182497,1,2.5264932,3.069571,0.666666666666667,0.375,0.5,0.571428571428571,0.5430778
"237",39,35,4.5971339,4.6169112,0.251696670135629,0.223836680939249,0.722090033540759,1,2.5264932,2.6872072,0.666666666666667,0.375,0.5,0.523809523809524,0.160714
"238",39,47,4.5971339,4.4417913,0.251696670135629,0.303787820609744,0.000241538227764571,0.00144922936658743,2.5264932,2.9714372,0.666666666666667,0.375,0.833333333333333,0.285714285714286,0.444944
"239",39,55,4.5971339,4.6391122,0.251696670135629,0.204660885213871,0.894686979885505,1,2.5264932,2.8482942,0.666666666666667,0.375,0.833333333333333,0.428571428571429,0.321801
"240",39,7,4.5971339,4.6117682,0.251696670135629,0.243008765595654,0.678536291428731,1,2.5264932,2.891066,0.666666666666667,0.375,0.5,0.0476190476190476,0.3645728
"241",40,41,4.6926672,4.7129,0.0741192208891332,0,0.996431680795667,1,4.048995,3.304318,0.333333333333333,0.875,0.5,0.666666666666667,-0.744677
"242",40,42,4.6926672,4.6955576,0.0741192208891332,0.0689890084807103,0.613698513353509,1,4.048995,2.558376,0.333333333333333,0.875,0.5,0.714285714285714,-1.490619
"243",40,44,4.6926672,4.7071192,0.0741192208891332,0.0406694582171532,0.955866881343156,1,4.048995,3.171462,0.333333333333333,0.875,0.5,0.761904761904762,-0.877533
"244",40,32,4.6926672,4.6868864,0.0741192208891332,0.0831346939151377,0.302445012105822,1,4.048995,3.4017,0.333333333333333,0.875,0.166666666666667,0.857142857142857,-0.647295
"245",40,56,4.6926672,4.7100096,0.0741192208891332,0.028904,0.984738770952863,1,4.048995,4.423861,0.333333333333333,0.875,0.5,0.952380952380952,0.374866000000001
"246",40,8,4.6926672,4.7129,0.0741192208891332,0,0.996431680795667,1,4.048995,3.4018358,0.333333333333333,0.875,0.166666666666667,0.571428571428571,-0.6471592
"247",41,40,4.7129,4.6926672,0,0.0741192208891332,0.00365125843977162,0.0219075506386297,3.304318,4.048995,0.5,0.666666666666667,0.333333333333333,0.875,0.744677
"248",41,43,4.7129,4.7100096,0,0.028904,0.161087059510831,0.966522357064985,3.304318,2.3826652,0.5,0.666666666666667,0.666666666666667,0.4375,-0.9216528
"249",41,45,4.7129,4.7000069,0,0.0814212858612724,0.0413727078384385,0.248236247030631,3.304318,2.627597,0.5,0.666666666666667,0.666666666666667,0.5,-0.676721
"250",41,33,4.7129,4.7071192,0,0.0406694582171532,0.0791678125549835,0.475006875329901,3.304318,2.657023,0.5,0.666666666666667,0.333333333333333,0.6875,-0.647295
"251",41,57,4.7129,4.7129,0,0,1,1,3.304318,3.909305,0.5,0.666666666666667,0.666666666666667,0.8125,0.604987
"252",41,9,4.7129,4.7129,0,0,1,1,3.304318,3.784611,0.5,0.666666666666667,0.333333333333333,0.25,0.480293
"253",42,43,4.6955576,4.7100096,0.0689890084807103,0.028904,0.972748102595397,1,2.558376,2.3826652,0.5,0.714285714285714,0.666666666666667,0.4375,-0.1757108
"254",42,40,4.6955576,4.6926672,0.0689890084807103,0.0741192208891332,0.388492767536946,1,2.558376,4.048995,0.5,0.714285714285714,0.333333333333333,0.875,1.490619
"255",42,46,4.6955576,4.4195308,0.0689890084807103,0.300842820297587,1.78630623235096e-13,1.07178373941058e-12,2.558376,3.444053,0.5,0.714285714285714,0.666666666666667,0.5625,0.885677
"256",42,34,4.6955576,4.592214,0.0689890084807103,0.239731143137263,0.00044940883967879,0.00269645303807274,2.558376,2.862918,0.5,0.714285714285714,0.333333333333333,0.75,0.304542000000001
"257",42,58,4.6955576,4.6926672,0.0689890084807103,0.0741192208891332,0.388492767536946,1,2.558376,2.933242,0.5,0.714285714285714,0.666666666666667,0.875,0.374866
"258",42,10,4.6955576,4.6580124,0.0689890084807103,0.175714345315735,0.172444341154166,1,2.558376,2.9414,0.5,0.714285714285714,0.333333333333333,0.3125,0.383024
"259",43,42,4.7100096,4.6955576,0.028904,0.0689890084807103,0.0277376401379904,0.166425840827943,2.3826652,2.558376,0.666666666666667,0.4375,0.5,0.714285714285714,0.1757108
"260",43,41,4.7100096,4.7129,0.028904,0,0.843752354978745,1,2.3826652,3.304318,0.666666666666667,0.4375,0.5,0.666666666666667,0.9216528
"261",43,47,4.7100096,4.4417913,0.028904,0.303787820609744,6.13983599603099e-14,3.6839015976186e-13,2.3826652,2.9714372,0.666666666666667,0.4375,0.833333333333333,0.285714285714286,0.588772
"262",43,35,4.7100096,4.6169112,0.028904,0.223836680939249,6.5021351583789e-05,0.000390128109502734,2.3826652,2.6872072,0.666666666666667,0.4375,0.5,0.523809523809524,0.304542
"263",43,59,4.7100096,4.7129,0.028904,0,0.843752354978745,1,2.3826652,2.9876522,0.666666666666667,0.4375,0.833333333333333,0.571428571428571,0.604987
"264",43,11,4.7100096,4.7129,0.028904,0,0.843752354978745,1,2.3826652,2.352353,0.666666666666667,0.4375,0.5,0.0952380952380952,-0.0303121999999996
"265",44,45,4.7071192,4.7000069,0.0406694582171532,0.0814212858612724,0.324097381013376,1,3.171462,2.627597,0.5,0.761904761904762,0.666666666666667,0.5,-0.543865
"266",44,46,4.7071192,4.4195308,0.0406694582171532,0.300842820297587,2.99850161964082e-15,1.79910097178449e-14,3.171462,3.444053,0.5,0.761904761904762,0.666666666666667,0.5625,0.272591
"267",44,40,4.7071192,4.6926672,0.0406694582171532,0.0741192208891332,0.0447717924563009,0.268630754737806,3.171462,4.048995,0.5,0.761904761904762,0.333333333333333,0.875,0.877533
"268",44,36,4.7071192,4.6675621,0.0406694582171532,0.156342723413123,0.0141684343170693,0.0850106059024159,3.171462,3.613436,0.5,0.761904761904762,0.333333333333333,0.8125,0.441974
"269",44,60,4.7071192,4.7042288,0.0406694582171532,0.0495549275756741,0.327343908059907,1,3.171462,3.012124,0.5,0.761904761904762,0.666666666666667,0.9375,-0.159338
"270",44,12,4.7071192,4.6149134,0.0406694582171532,0.222155951180446,0.000119181950560256,0.000715091703361533,3.171462,2.5243028,0.5,0.761904761904762,0.333333333333333,0.375,-0.6471592
"271",45,44,4.7000069,4.7071192,0.0814212858612724,0.0406694582171532,0.679144034733656,1,2.627597,3.171462,0.666666666666667,0.5,0.5,0.761904761904762,0.543865
"272",45,47,4.7000069,4.4417913,0.0814212858612724,0.303787820609744,1.63966440827573e-12,9.83798644965438e-12,2.627597,2.9714372,0.666666666666667,0.5,0.833333333333333,0.285714285714286,0.3438402
"273",45,41,4.7000069,4.7129,0.0814212858612724,0,0.959644816585649,1,2.627597,3.304318,0.666666666666667,0.5,0.5,0.666666666666667,0.676721
"274",45,37,4.7000069,4.6275524,0.0814212858612724,0.232286745301291,0.00673985009532881,0.0404391005719729,2.627597,3.069571,0.666666666666667,0.5,0.5,0.571428571428571,0.441974
"275",45,61,4.7000069,4.7129,0.0814212858612724,0,0.959644816585649,1,2.627597,2.69838,0.666666666666667,0.5,0.833333333333333,0.714285714285714,0.070783
"276",45,13,4.7000069,4.7129,0.0814212858612724,0,0.959644816585649,1,2.627597,3.10789,0.666666666666667,0.5,0.5,0.142857142857143,0.480293000000001
"277",46,47,4.4195308,4.4417913,0.300842820297587,0.303787820609744,0.68097546896781,1,3.444053,2.9714372,0.666666666666667,0.5625,0.833333333333333,0.285714285714286,-0.4726158
"278",46,44,4.4195308,4.7071192,0.300842820297587,0.0406694582171532,0.999999999999997,1,3.444053,3.171462,0.666666666666667,0.5625,0.5,0.761904761904762,-0.272591
"279",46,42,4.4195308,4.6955576,0.300842820297587,0.0689890084807103,0.999999999999825,1,3.444053,2.558376,0.666666666666667,0.5625,0.5,0.714285714285714,-0.885677
"280",46,38,4.4195308,4.4348606,0.300842820297587,0.301156932850095,0.645567558233852,1,3.444053,2.999109,0.666666666666667,0.5625,0.5,0.619047619047619,-0.444944
"281",46,62,4.4195308,4.4978288,0.300842820297587,0.292100680115261,0.959167948014135,1,3.444053,3.284715,0.666666666666667,0.5625,0.833333333333333,0.857142857142857,-0.159338
"282",46,14,4.4195308,4.4242821,0.300842820297587,0.30585157326269,0.486889596637074,1,3.444053,3.827077,0.666666666666667,0.5625,0.5,0.19047619047619,0.383024
"283",47,46,4.4417913,4.4195308,0.303787820609744,0.300842820297587,0.320004841794117,1,2.9714372,3.444053,0.833333333333333,0.285714285714286,0.666666666666667,0.5625,0.4726158
"284",47,45,4.4417913,4.7000069,0.303787820609744,0.0814212858612724,0.999999999998398,1,2.9714372,2.627597,0.833333333333333,0.285714285714286,0.666666666666667,0.5,-0.3438402
"285",47,43,4.4417913,4.7100096,0.303787820609744,0.028904,0.99999999999994,1,2.9714372,2.3826652,0.833333333333333,0.285714285714286,0.666666666666667,0.4375,-0.588772
"286",47,39,4.4417913,4.5971339,0.303787820609744,0.251696670135629,0.999761156370588,1,2.9714372,2.5264932,0.833333333333333,0.285714285714286,0.666666666666667,0.375,-0.444944
"287",47,63,4.4417913,4.5647169,0.303787820609744,0.265238972640645,0.998383655430166,1,2.9714372,3.0422202,0.833333333333333,0.285714285714286,1,0.5,0.070783
"288",47,15,4.4417913,4.4275512,0.303787820609744,0.302807998524251,0.379241454788994,1,2.9714372,2.941125,0.833333333333333,0.285714285714286,0.666666666666667,0.0625,-0.0303122
"289",48,49,4.7013384,4.7129,0.0569253832842661,0,0.978323141000339,1,3.057626,2.54307,0.333333333333333,0.9375,0.5,0.80952380952381,-0.514556
"290",48,50,4.7013384,4.6884601,0.0569253832842661,0.113168213703845,0.352871215331428,1,3.057626,2.518844,0.333333333333333,0.9375,0.5,0.857142857142857,-0.538782
"291",48,52,4.7013384,4.631788,0.0569253832842661,0.206541480232339,0.00310954151874513,0.0186572491124708,3.057626,3.705116,0.333333333333333,0.9375,0.5,0.904761904761905,0.64749
"292",48,56,4.7013384,4.7100096,0.0569253832842661,0.028904,0.913061163337315,1,3.057626,4.423861,0.333333333333333,0.9375,0.5,0.952380952380952,1.366235
"293",48,32,4.7013384,4.6868864,0.0569253832842661,0.0831346939151377,0.0766902277920928,0.460141366752557,3.057626,3.4017,0.333333333333333,0.9375,0.166666666666667,0.857142857142857,0.344074
"294",48,16,4.7013384,4.7129,0.0569253832842661,0,0.978323141000339,1,3.057626,2.6403728,0.333333333333333,0.9375,0.166666666666667,0.714285714285714,-0.4172532
"295",49,48,4.7129,4.7013384,0,0.0569253832842661,0.0222044902376714,0.133226941426029,2.54307,3.057626,0.5,0.80952380952381,0.333333333333333,0.9375,0.514556
"296",49,51,4.7129,4.7057877,0,0.071123,0.161087059510831,0.966522357064985,2.54307,2.5732542,0.5,0.80952380952381,0.666666666666667,0.625,0.0301841999999999
"297",49,53,4.7129,4.6773385,0,0.155789891409565,0.0120865190750992,0.0725191144505949,2.54307,3.391372,0.5,0.80952380952381,0.666666666666667,0.6875,0.848302
"298",49,57,4.7129,4.7129,0,0,1,1,2.54307,3.909305,0.5,0.80952380952381,0.666666666666667,0.8125,1.366235
"299",49,33,4.7129,4.7071192,0,0.0406694582171532,0.0791678125549835,0.475006875329901,2.54307,2.657023,0.5,0.80952380952381,0.333333333333333,0.6875,0.113953
"300",49,17,4.7129,4.7129,0,0,1,1,2.54307,3.15337,0.5,0.80952380952381,0.333333333333333,0.4375,0.6103
"301",50,51,4.6884601,4.7057877,0.113168213703845,0.071123,0.949200750451283,1,2.518844,2.5732542,0.5,0.857142857142857,0.666666666666667,0.625,0.0544102
"302",50,48,4.6884601,4.7013384,0.113168213703845,0.0569253832842661,0.649652889194378,1,2.518844,3.057626,0.5,0.857142857142857,0.333333333333333,0.9375,0.538782
"303",50,54,4.6884601,4.404912,0.113168213703845,0.303216269618924,6.97849931125467e-14,4.1870995867528e-13,2.518844,3.090789,0.5,0.857142857142857,0.666666666666667,0.75,0.571945
"304",50,58,4.6884601,4.6926672,0.113168213703845,0.0741192208891332,0.298586252543868,1,2.518844,2.933242,0.5,0.857142857142857,0.666666666666667,0.875,0.414398
"305",50,34,4.6884601,4.592214,0.113168213703845,0.239731143137263,0.00034286964843793,0.00205721789062758,2.518844,2.862918,0.5,0.857142857142857,0.333333333333333,0.75,0.344074
"306",50,18,4.6884601,4.6975702,0.113168213703845,0.0917692102255116,0.764157698286589,1,2.518844,3.131774,0.5,0.857142857142857,0.333333333333333,0.5,0.61293
"307",51,50,4.7057877,4.6884601,0.071123,0.113168213703845,0.0516687277926489,0.310012366755893,2.5732542,2.518844,0.666666666666667,0.625,0.5,0.857142857142857,-0.0544102
"308",51,49,4.7057877,4.7129,0.071123,0,0.843752354978745,1,2.5732542,2.54307,0.666666666666667,0.625,0.5,0.80952380952381,-0.0301841999999999
"309",51,55,4.7057877,4.6391122,0.071123,0.204660885213871,0.000905835855273342,0.00543501513164005,2.5732542,2.8482942,0.666666666666667,0.625,0.833333333333333,0.428571428571429,0.27504
"310",51,59,4.7057877,4.7129,0.071123,0,0.843752354978745,1,2.5732542,2.9876522,0.666666666666667,0.625,0.833333333333333,0.571428571428571,0.414398
"311",51,35,4.7057877,4.6169112,0.071123,0.223836680939249,8.8220808085255e-05,0.00052932484851153,2.5732542,2.6872072,0.666666666666667,0.625,0.5,0.523809523809524,0.113953
"312",51,19,4.7057877,4.7066803,0.071123,0.062197,0.505655864212372,1,2.5732542,2.672949,0.666666666666667,0.625,0.5,0.238095238095238,0.0996948
"313",52,53,4.631788,4.6773385,0.206541480232339,0.155789891409565,0.987206794133398,1,3.705116,3.391372,0.5,0.904761904761905,0.666666666666667,0.6875,-0.313744
"314",52,54,4.631788,4.404912,0.206541480232339,0.303216269618924,4.27792391384256e-08,2.56675434830553e-07,3.705116,3.090789,0.5,0.904761904761905,0.666666666666667,0.75,-0.614327
"315",52,48,4.631788,4.7013384,0.206541480232339,0.0569253832842661,0.996935558875252,1,3.705116,3.057626,0.5,0.904761904761905,0.333333333333333,0.9375,-0.64749
"316",52,60,4.631788,4.7042288,0.206541480232339,0.0495549275756741,0.998777531680979,1,3.705116,3.012124,0.5,0.904761904761905,0.666666666666667,0.9375,-0.692992
"317",52,36,4.631788,4.6675621,0.206541480232339,0.156342723413123,0.90708218512449,1,3.705116,3.613436,0.5,0.904761904761905,0.333333333333333,0.8125,-0.0916799999999998
"318",52,20,4.631788,4.6515671,0.206541480232339,0.196418854087381,0.879304377721988,1,3.705116,3.2878628,0.5,0.904761904761905,0.333333333333333,0.5625,-0.4172532
"319",53,52,4.6773385,4.631788,0.155789891409565,0.206541480232339,0.0129490196315326,0.0776941177891955,3.391372,3.705116,0.666666666666667,0.6875,0.5,0.904761904761905,0.313744
"320",53,55,4.6773385,4.6391122,0.155789891409565,0.204660885213871,0.0479614177742146,0.287768506645288,3.391372,2.8482942,0.666666666666667,0.6875,0.833333333333333,0.428571428571429,-0.5430778
"321",53,49,4.6773385,4.7129,0.155789891409565,0,0.988194582083774,1,3.391372,2.54307,0.666666666666667,0.6875,0.5,0.80952380952381,-0.848302
"322",53,61,4.6773385,4.7129,0.155789891409565,0,0.988194582083774,1,3.391372,2.69838,0.666666666666667,0.6875,0.833333333333333,0.714285714285714,-0.692992
"323",53,37,4.6773385,4.6275524,0.155789891409565,0.232286745301291,0.0385401684473654,0.231241010684193,3.391372,3.069571,0.666666666666667,0.6875,0.5,0.571428571428571,-0.321801
"324",53,21,4.6773385,4.6915631,0.155789891409565,0.121937971006251,0.765307715639475,1,3.391372,4.001672,0.666666666666667,0.6875,0.5,0.285714285714286,0.6103
"325",54,55,4.404912,4.6391122,0.303216269618924,0.204660885213871,0.999999994804996,1,3.090789,2.8482942,0.666666666666667,0.75,0.833333333333333,0.428571428571429,-0.2424948
"326",54,52,4.404912,4.631788,0.303216269618924,0.206541480232339,0.999999957910679,1,3.090789,3.705116,0.666666666666667,0.75,0.5,0.904761904761905,0.614327
"327",54,50,4.404912,4.6884601,0.303216269618924,0.113168213703845,0.999999999999932,1,3.090789,2.518844,0.666666666666667,0.75,0.5,0.857142857142857,-0.571945
"328",54,62,4.404912,4.4978288,0.303216269618924,0.292100680115261,0.983161106518925,1,3.090789,3.284715,0.666666666666667,0.75,0.833333333333333,0.857142857142857,0.193926
"329",54,38,4.404912,4.4348606,0.303216269618924,0.301156932850095,0.786379024140656,1,3.090789,2.999109,0.666666666666667,0.75,0.5,0.619047619047619,-0.0916800000000002
"330",54,22,4.404912,4.4082413,0.303216269618924,0.301557177795706,0.531436041656262,1,3.090789,3.703719,0.666666666666667,0.75,0.5,0.333333333333333,0.61293
"331",55,54,4.6391122,4.404912,0.204660885213871,0.303216269618924,5.28712764817621e-09,3.17227658890573e-08,2.8482942,3.090789,0.833333333333333,0.428571428571429,0.666666666666667,0.75,0.2424948
"332",55,53,4.6391122,4.6773385,0.204660885213871,0.155789891409565,0.952540559229915,1,2.8482942,3.391372,0.833333333333333,0.428571428571429,0.666666666666667,0.6875,0.5430778
"333",55,51,4.6391122,4.7057877,0.204660885213871,0.071123,0.999111591318551,1,2.8482942,2.5732542,0.833333333333333,0.428571428571429,0.666666666666667,0.625,-0.27504
"334",55,63,4.6391122,4.5647169,0.204660885213871,0.265238972640645,0.018141487470853,0.108848924825118,2.8482942,3.0422202,0.833333333333333,0.428571428571429,1,0.5,0.193926
"335",55,39,4.6391122,4.5971339,0.204660885213871,0.251696670135629,0.106032150883198,0.636192905299185,2.8482942,2.5264932,0.833333333333333,0.428571428571429,0.666666666666667,0.375,-0.321801
"336",55,23,4.6391122,4.5984492,0.204660885213871,0.240528318287771,0.100617210135301,0.603703260811804,2.8482942,2.947989,0.833333333333333,0.428571428571429,0.666666666666667,0.125,0.0996947999999995
"337",56,57,4.7100096,4.7129,0.028904,0,0.843752354978745,1,4.423861,3.909305,0.5,0.952380952380952,0.666666666666667,0.8125,-0.514556
"338",56,58,4.7100096,4.6926672,0.028904,0.0741192208891332,0.0155400889837811,0.0932405339026864,4.423861,2.933242,0.5,0.952380952380952,0.666666666666667,0.875,-1.490619
"339",56,60,4.7100096,4.7042288,0.028904,0.0495549275756741,0.158030356024163,0.948182136144978,4.423861,3.012124,0.5,0.952380952380952,0.666666666666667,0.9375,-1.411737
"340",56,48,4.7100096,4.7013384,0.028904,0.0569253832842661,0.088377578094445,0.53026546856667,4.423861,3.057626,0.5,0.952380952380952,0.333333333333333,0.9375,-1.366235
"341",56,40,4.7100096,4.6926672,0.028904,0.0741192208891332,0.0155400889837811,0.0932405339026864,4.423861,4.048995,0.5,0.952380952380952,0.333333333333333,0.875,-0.374866000000001
"342",56,24,4.7100096,4.7129,0.028904,0,0.843752354978745,1,4.423861,4.1998978,0.5,0.952380952380952,0.333333333333333,0.625,-0.223963200000001
"343",57,56,4.7129,4.7100096,0,0.028904,0.161087059510831,0.966522357064985,3.909305,4.423861,0.666666666666667,0.8125,0.5,0.952380952380952,0.514556
"344",57,59,4.7129,4.7129,0,0,1,1,3.909305,2.9876522,0.666666666666667,0.8125,0.833333333333333,0.571428571428571,-0.9216528
"345",57,61,4.7129,4.7129,0,0,1,1,3.909305,2.69838,0.666666666666667,0.8125,0.833333333333333,0.714285714285714,-1.210925
"346",57,49,4.7129,4.7129,0,0,1,1,3.909305,2.54307,0.666666666666667,0.8125,0.5,0.80952380952381,-1.366235
"347",57,41,4.7129,4.7129,0,0,1,1,3.909305,3.304318,0.666666666666667,0.8125,0.5,0.666666666666667,-0.604987
"348",57,25,4.7129,4.7129,0,0,1,1,3.909305,4.712895,0.666666666666667,0.8125,0.5,0.380952380952381,0.803589999999999
"349",58,59,4.6926672,4.7129,0.0741192208891332,0,0.996431680795667,1,2.933242,2.9876522,0.666666666666667,0.875,0.833333333333333,0.571428571428571,0.0544102
"350",58,56,4.6926672,4.7100096,0.0741192208891332,0.028904,0.984738770952863,1,2.933242,4.423861,0.666666666666667,0.875,0.5,0.952380952380952,1.490619
"351",58,62,4.6926672,4.4978288,0.0741192208891332,0.292100680115261,4.26461903321204e-08,2.55877141992722e-07,2.933242,3.284715,0.666666666666667,0.875,0.833333333333333,0.857142857142857,0.351473
"352",58,50,4.6926672,4.6884601,0.0741192208891332,0.113168213703845,0.703470642738921,1,2.933242,2.518844,0.666666666666667,0.875,0.5,0.857142857142857,-0.414398
"353",58,42,4.6926672,4.6955576,0.0741192208891332,0.0689890084807103,0.613698513353509,1,2.933242,2.558376,0.666666666666667,0.875,0.5,0.714285714285714,-0.374866
"354",58,26,4.6926672,4.7129,0.0741192208891332,0,0.996431680795667,1,2.933242,3.739462,0.666666666666667,0.875,0.5,0.428571428571429,0.80622
"355",59,58,4.7129,4.6926672,0,0.0741192208891332,0.00365125843977162,0.0219075506386297,2.9876522,2.933242,0.833333333333333,0.571428571428571,0.666666666666667,0.875,-0.0544102
"356",59,57,4.7129,4.7129,0,0,1,1,2.9876522,3.909305,0.833333333333333,0.571428571428571,0.666666666666667,0.8125,0.9216528
"357",59,63,4.7129,4.5647169,0,0.265238972640645,9.6796557778926e-08,5.80779346673556e-07,2.9876522,3.0422202,0.833333333333333,0.571428571428571,1,0.5,0.0545680000000002
"358",59,51,4.7129,4.7057877,0,0.071123,0.161087059510831,0.966522357064985,2.9876522,2.5732542,0.833333333333333,0.571428571428571,0.666666666666667,0.625,-0.414398
"359",59,43,4.7129,4.7100096,0,0.028904,0.161087059510831,0.966522357064985,2.9876522,2.3826652,0.833333333333333,0.571428571428571,0.666666666666667,0.4375,-0.604987
"360",59,27,4.7129,4.7129,0,0,1,1,2.9876522,3.280637,0.833333333333333,0.571428571428571,0.666666666666667,0.1875,0.2929848
"361",60,61,4.7042288,4.7129,0.0495549275756741,0,0.959648663953616,1,3.012124,2.69838,0.666666666666667,0.9375,0.833333333333333,0.714285714285714,-0.313744
"362",60,62,4.7042288,4.4978288,0.0495549275756741,0.292100680115261,8.0214495442894e-10,4.81286972657364e-09,3.012124,3.284715,0.666666666666667,0.9375,0.833333333333333,0.857142857142857,0.272591
"363",60,56,4.7042288,4.7100096,0.0495549275756741,0.028904,0.844389211090797,1,3.012124,4.423861,0.666666666666667,0.9375,0.5,0.952380952380952,1.411737
"364",60,52,4.7042288,4.631788,0.0495549275756741,0.206541480232339,0.00124254407708885,0.00745526446253308,3.012124,3.705116,0.666666666666667,0.9375,0.5,0.904761904761905,0.692992
"365",60,44,4.7042288,4.7071192,0.0495549275756741,0.0406694582171532,0.67591103059073,1,3.012124,3.171462,0.666666666666667,0.9375,0.5,0.761904761904762,0.159338
"366",60,28,4.7042288,4.7129,0.0495549275756741,0,0.959648663953616,1,3.012124,2.7881608,0.666666666666667,0.9375,0.5,0.476190476190476,-0.2239632
"367",61,60,4.7129,4.7042288,0,0.0495549275756741,0.0413688080390578,0.248212848234347,2.69838,3.012124,0.833333333333333,0.714285714285714,0.666666666666667,0.9375,0.313744
"368",61,63,4.7129,4.5647169,0,0.265238972640645,9.6796557778926e-08,5.80779346673556e-07,2.69838,3.0422202,0.833333333333333,0.714285714285714,1,0.5,0.3438402
"369",61,57,4.7129,4.7129,0,0,1,1,2.69838,3.909305,0.833333333333333,0.714285714285714,0.666666666666667,0.8125,1.210925
"370",61,53,4.7129,4.6773385,0,0.155789891409565,0.0120865190750992,0.0725191144505949,2.69838,3.391372,0.833333333333333,0.714285714285714,0.666666666666667,0.6875,0.692992
"371",61,45,4.7129,4.7000069,0,0.0814212858612724,0.0413727078384385,0.248236247030631,2.69838,2.627597,0.833333333333333,0.714285714285714,0.666666666666667,0.5,-0.070783
"372",61,29,4.7129,4.7129,0,0,1,1,2.69838,3.50197,0.833333333333333,0.714285714285714,0.666666666666667,0.25,0.803589999999999
"373",62,63,4.4978288,4.5647169,0.292100680115261,0.265238972640645,0.959468757994384,1,3.284715,3.0422202,0.833333333333333,0.857142857142857,1,0.5,-0.2424948
"374",62,60,4.4978288,4.7042288,0.292100680115261,0.0495549275756741,0.999999999215288,1,3.284715,3.012124,0.833333333333333,0.857142857142857,0.666666666666667,0.9375,-0.272591
"375",62,58,4.4978288,4.6926672,0.292100680115261,0.0741192208891332,0.999999958151888,1,3.284715,2.933242,0.833333333333333,0.857142857142857,0.666666666666667,0.875,-0.351473
"376",62,54,4.4978288,4.404912,0.292100680115261,0.303216269618924,0.0169557202115279,0.101734321269167,3.284715,3.090789,0.833333333333333,0.857142857142857,0.666666666666667,0.75,-0.193926
"377",62,46,4.4978288,4.4195308,0.292100680115261,0.300842820297587,0.0410769488167773,0.246461692900663,3.284715,3.444053,0.833333333333333,0.857142857142857,0.666666666666667,0.5625,0.159338
"378",62,30,4.4978288,4.4546696,0.292100680115261,0.298559909369404,0.163968157399402,0.983808944396413,3.284715,4.090935,0.833333333333333,0.857142857142857,0.666666666666667,0.3125,0.80622
"379",63,62,4.5647169,4.4978288,0.265238972640645,0.292100680115261,0.040798776682308,0.244792660093848,3.0422202,3.284715,1,0.5,0.833333333333333,0.857142857142857,0.2424948
"380",63,61,4.5647169,4.7129,0.265238972640645,0,0.999999905440272,1,3.0422202,2.69838,1,0.5,0.833333333333333,0.714285714285714,-0.3438402
"381",63,59,4.5647169,4.7129,0.265238972640645,0,0.999999905440272,1,3.0422202,2.9876522,1,0.5,0.833333333333333,0.571428571428571,-0.0545680000000002
"382",63,55,4.5647169,4.6391122,0.265238972640645,0.204660885213871,0.982021012287334,1,3.0422202,2.8482942,1,0.5,0.833333333333333,0.428571428571429,-0.193926
"383",63,47,4.5647169,4.4417913,0.265238972640645,0.303787820609744,0.00163178566294366,0.00979071397766199,3.0422202,2.9714372,1,0.5,0.833333333333333,0.285714285714286,-0.070783
"384",63,31,4.5647169,4.5028986,0.265238972640645,0.290098585618438,0.0596191250490207,0.357714750294124,3.0422202,3.335205,1,0.5,0.833333333333333,0.142857142857143,0.2929848
